corpus	decoded_bytes	input_sha256	jdk_stored_bytes	jdk_sha256	candidate_stored_bytes	candidate_sha256	candidate_decoded_by_jdk	jdk_decoded_by_candidate	candidate_round_trip	jdk_repeatable_x3	candidate_repeatable_x3
repeated-251	0	e3b0c44298fc1c149afbf4c8996fb92427ae41e4649b934ca495991b7852b855	8	b171e283c6145acf2b923098dbbc40ffc39b4f1db0212928f9869747376c4ac8	11	174c8dbe4e5daa15a218adb0c19311109798abd48f3429043a17fcf9c8fa3afe	true	true	true	true	true
repeated-251	1	6e340b9cffb37a989ca544e6bb780a2c78901d3fb33738768511a30617afa01d	9	5b4e2a0ba0c34d7fe4203476f10679c6468391a9666b1b3d41f0c42423d6f0cf	12	ae61d00a7038e0de66d663933cf13c6a4a3ba297c57695fbbeb190fba2bc7664	true	true	true	true	true
repeated-251	4096	d67c656e01756650d77717b0839985a056ec28ffe174601d690fc407a2ceffca	309	c6de5ea13f366b2d877d437e046f36ad22109f3aeb87fcf781aacf069bd35976	309	c6de5ea13f366b2d877d437e046f36ad22109f3aeb87fcf781aacf069bd35976	true	true	true	true	true
repeated-251	65536	4b640d85ab3ba30fd02c9fc9db4a8928f416322ad27022ea58a65aaee68a4df2	579	427a5a6167959474f64c0062d82a0f0d6617519b304fe5ad4927754c93b69670	577	80658d8a57384762fe286a84eb3a0680f33e903d0c60c50051ec196bc85cd7bb	true	true	true	true	true
repeated-251	1048576	631b84027d6b9e52b539c4e8373622d23032dfadc64d60af87339c9037e4f769	4390	bd4170fb8599ca85e15f2937427b5460864e3da43664240d95d57ea9d5ebe952	4442	4dfc7c234957c0b4892f13ce64ec1b7d31f2294554165ad10f91c6ac02500728	true	true	true	true	true
repeated-251	8388608	bdf23837181f5808331800c1ae2b4f7d7a839536b10d58491471c50dde23833a	32854	432d5ac0fd71f93d54d7783c3ffac31d6fbcd534a81f14642b88263e82ac785c	33216	675da3ac7fcdde1d0de00a68102891666402ac13996a394b4ba3e7b0d7622812	true	true	true	true	true
repeated-251	8388609	0e060c393a4a670e1b7d48e0cd88cc75c5071866690c80c1dfd70807b02c191a	32853	42b7ee0a2bca4c56b67b2d49de50ad91d22476a451e6049e456cc0da3b400c03	33216	79d12716c1cafa0ba5e7bdf025a3152bc51a6e58997519c957d41e6e99ee36a1	true	true	true	true	true
repeated-251	16777216	287507f403176f1f5b22b9a4d9cb49f7d7f88ac19e406b5ae87ce109564846bd	65392	007ee841fecb15716fe9604ff5009a6a43b14e3f4a1e0725a337362737fa6394	66106	6f7f6d4004d655b82d652d3792fd8ed07e20cb215abac986c5116cb1946f704e	true	true	true	true	true
text-seed52	0	e3b0c44298fc1c149afbf4c8996fb92427ae41e4649b934ca495991b7852b855	8	b171e283c6145acf2b923098dbbc40ffc39b4f1db0212928f9869747376c4ac8	11	174c8dbe4e5daa15a218adb0c19311109798abd48f3429043a17fcf9c8fa3afe	true	true	true	true	true
text-seed52	1	252f10c83610ebca1a059c0bae8255eba2f95be4d1d7bcfa89d7248a82d9f111	9	be3065b395c2650dd9f784b36685a85f3ea9e570ae9a747c0ac4bc93bd458945	12	d787ff12594bb97840ff1ae1a8f88fa4bcb1cf05d318750b3f68d7ad5babc5dc	true	true	true	true	true
text-seed52	4096	acc39d6d1d0c00a0019badd670e1d437dcba853c46c9c443be7e236aa5ab602a	1068	7229f76a2a6a1cbee13004c16281fa9712ee627feb8d9aa83e15d565d9c66ee5	1013	931f651c4393b586d4bb7ff71318a4aa4d6f3c71d4003567ec8f604d41e278eb	true	true	true	true	true
text-seed52	65536	368344e299976dc9d4d5cd6940bf93fff6c9820a362ad31f8441862d090dfe1f	12479	c23446542e1211430bb90d32d686647ce688419e2ac05442c02199a45d158789	11554	c3ee09c7dd834d04c81883b5b94e3c491c2fe88f74eb7eb8578f965f6271856d	true	true	true	true	true
text-seed52	1048576	94cbd3d52725c3a6e687876b0b2422c74507399e50fc0e1732206cf230b073ad	185377	85c9831f389bded60b555f2e6d769c51baa50ee644d996fce89cad25a99365b0	175084	dcb70849fe7d50ccb91fe5a066efb93b8f2cc3fa24d04afea23cbe99975fbcc9	true	true	true	true	true
text-seed52	8388608	6acfbc88cb0fe010e8f9a4406993f1c25203029042eb599236a50a602719a15b	1476333	e066fe7147b0eb1479625b5f14ab3c71c8f6ea1d83a923b64d1843880d0d0731	1397007	fb08ffe19a3f4859158ae6e7f35c8e52a629b01d31e563f14e42e9880488da08	true	true	true	true	true
text-seed52	8388609	e50be224332ac959bbc2552fbe769c3b2b93ad5040df29176146f2bb5b08dc93	1476337	d6caf0f52e23e7290e823295b5d42430a1ffce6faeed8d05a21b91fac9e3e383	1397011	0db47f295c32fea7fc8e0a95b2fa32bc060e8c3d85f1b25e7598972e640fe7bd	true	true	true	true	true
text-seed52	16777216	7e7396629daabed256af8849294081afeb5bb0d06037036d9e5a5b285a423637	2952081	2018bf2c6047585649a2335f02f37af26fb3d849f11df2ee66478d119b5c426b	2793528	9b81f6414b84ff6a1b8ba67c55d5a3c45eb678a40dfa4355327af75eb7e7dde1	true	true	true	true	true
float-mesh-seed52	0	e3b0c44298fc1c149afbf4c8996fb92427ae41e4649b934ca495991b7852b855	8	b171e283c6145acf2b923098dbbc40ffc39b4f1db0212928f9869747376c4ac8	11	174c8dbe4e5daa15a218adb0c19311109798abd48f3429043a17fcf9c8fa3afe	true	true	true	true	true
float-mesh-seed52	1	6e340b9cffb37a989ca544e6bb780a2c78901d3fb33738768511a30617afa01d	9	5b4e2a0ba0c34d7fe4203476f10679c6468391a9666b1b3d41f0c42423d6f0cf	12	ae61d00a7038e0de66d663933cf13c6a4a3ba297c57695fbbeb190fba2bc7664	true	true	true	true	true
float-mesh-seed52	4096	b5d3cffe24b4f98bae5aa1f283eaa5b4cba03aa43f67659376cf74bcbc0ee999	3615	0c460fdf06514561b6be67642aea540c66bd097607204de44a45fb54bd9b4bc2	3593	a3c97c3fa0b7eb9187182cc6221bcfe448b6ea5b54559418f0b49d55cd8638b0	true	true	true	true	true
float-mesh-seed52	65536	c866a00be79c97957e2c15d61ba9f332bf12bf66f8e35aa22d043ae56ef16a83	58957	c3bbeff61d9fa3ff8486f49a55ad954bbd7589031c5417cea14f1904a0066013	58056	92571c0b2f58131f04ae2058060d09d6ef522d623fb5930aa07f545e08659ad8	true	true	true	true	true
float-mesh-seed52	1048576	47e605cf5418f4ee741588a70fcf214d5b97e41a1c3192a865b4d754f12e353f	944025	76e59edb3120100481fc1fdd968a29d5cec0c67573d21149a188987c3bba5e70	925627	a101150aacce74e633af8fb30ca263e4d253b0f86eb572c02d529b89bec1ac64	true	true	true	true	true
float-mesh-seed52	8388608	38a1f573792aeab9ba3bcb701c0c8c4cfccc72d67f8e185b0e2e14e51210beba	7550192	178db15defe8aaee4a98930f30f3cd897b9ab05889005730e2ef33e4e06ab969	7402063	e4723ce8890eb4aa12c668601658ecac3e74876443ef83b4b2ce4754c2880445	true	true	true	true	true
float-mesh-seed52	8388609	1ed0f0fcf8ac7f80d274bd5cfd5b2568432da74bbbd8182aeaf085f829b8555e	7550193	aae39c8b8d9ead7c7749e69a00506e30ef9253edb07ea88df7d42a357491c9fa	7402064	661cc346f2ba4cdb3027fa5558c381e85e176e2cc2a0d56b0b37a842868ec41d	true	true	true	true	true
float-mesh-seed52	16777216	24d15ec24e179d4e658969957296bd319ae0c17804d644bab6875da4535421d9	15100448	c97c6de0e31427488ba4162e2309f0949f1f46e886998338863054754bb2acb8	14804641	a4b33695594610210fbba7749ecf0bc3c873e261651472af93cd38e08a2ce90b	true	true	true	true	true
mixed-seed52	0	e3b0c44298fc1c149afbf4c8996fb92427ae41e4649b934ca495991b7852b855	8	b171e283c6145acf2b923098dbbc40ffc39b4f1db0212928f9869747376c4ac8	11	174c8dbe4e5daa15a218adb0c19311109798abd48f3429043a17fcf9c8fa3afe	true	true	true	true	true
mixed-seed52	1	252f10c83610ebca1a059c0bae8255eba2f95be4d1d7bcfa89d7248a82d9f111	9	be3065b395c2650dd9f784b36685a85f3ea9e570ae9a747c0ac4bc93bd458945	12	d787ff12594bb97840ff1ae1a8f88fa4bcb1cf05d318750b3f68d7ad5babc5dc	true	true	true	true	true
mixed-seed52	4096	acc39d6d1d0c00a0019badd670e1d437dcba853c46c9c443be7e236aa5ab602a	1068	7229f76a2a6a1cbee13004c16281fa9712ee627feb8d9aa83e15d565d9c66ee5	1013	931f651c4393b586d4bb7ff71318a4aa4d6f3c71d4003567ec8f604d41e278eb	true	true	true	true	true
mixed-seed52	65536	10652d6cf162fb920159e9338ae6dc36b8a0ff9f6b47686930b7c0f008502eee	41486	ed29816d0d87f692c6b39fca14f3cc27b7c97995973873b427d923937c8a9458	41251	5f7d92b13b33e497d9a3070c84f806f9e5e00fd7a7f24f55171d9d8d6f891929	true	true	true	true	true
mixed-seed52	1048576	da27a1e6732cce64cd7ac958db4f4e90139260b8051cb1a61fb77ab19f27c8ac	654884	1e964c95da2f8e234ff94abbe17e240e0d11e12b20f3b96f67c2a5d7323f42af	653574	2b0ca55c4261e07ed9f9922990b2ab5b5b767da55e5489b8984902156e34398f	true	true	true	true	true
mixed-seed52	8388608	e93de7b311a5284c58f37b0046b19f5281b0dc6327735bd4c11e1514bc5af025	5234526	f77f50fdb5f81e8705889adc6a010a1e72782d72dfe9477faecfd132929a1a64	5224787	3893941ed1c4cc8a4e7a83f3dfdf1db51dfdaa4c4e2a23b76941f87b07630bff	true	true	true	true	true
mixed-seed52	8388609	f9261dc82445087c7b07d2bd3d69985d42225ac9184108059d4373615102a46a	5234527	f4f125aad95d13bdf0a1422a8bd3470137fe9194633381bcbf746294e1538e19	5224788	060d363ce7f5e6414fef89e1c9929018ed555ba71da3e59570a1e2aec796474c	true	true	true	true	true
mixed-seed52	16777216	c7f1e5e3a1cc0947efc29773ef95aac2126653dae63df6feb6380bdc92d96c84	10469076	93f0a91fea8ad1cc38606410df29214273d9ecd6008256d194040191eab5ecb9	10449391	419e8ea98064b26644c3d3813562be0d26b9b613d9eb92160e935bf2320e1b77	true	true	true	true	true
random-seed52	0	e3b0c44298fc1c149afbf4c8996fb92427ae41e4649b934ca495991b7852b855	8	b171e283c6145acf2b923098dbbc40ffc39b4f1db0212928f9869747376c4ac8	11	174c8dbe4e5daa15a218adb0c19311109798abd48f3429043a17fcf9c8fa3afe	true	true	true	true	true
random-seed52	1	7941cb07924fdc7b710e11d98d82850e89566e1c3cb980517ffe4b430f86dfd5	9	7ee2d73c8d6d5bf46c5612f423aacc9ab71f6beacd58d734a0a3d77ac4260d98	12	9299b1b5618d5729c5a535d485e432b6bfa4d218f6d7c9ab3af31d8a76b0ed0f	true	true	true	true	true
random-seed52	4096	452214a4015b9efc5bfc8251556898c5161905460a794913e73c58f27e69b2bb	4107	82df28d1f3e0b8a58a359fce336d0c818d38b9bb95e8f1b62e05a6d73a212f8a	4107	82df28d1f3e0b8a58a359fce336d0c818d38b9bb95e8f1b62e05a6d73a212f8a	true	true	true	true	true
random-seed52	65536	8062091fba85e461a46777b8078a1cf0e6fc9277942aed4a888ceb017850a654	65562	bfdfa2afe870b7cb87e0e43f7acc66b871a4ba01eb2191c7caff171666635ec4	65552	5198f3a70e822c6d615656a91cb155d64304769d83ca1ec252a1471d9cf262ad	true	true	true	true	true
random-seed52	1048576	3ab328f21562154176e4793021e9846037ca9ab8195d54a0a1f935973aeff18c	1048902	e46888a6e78cfe04038d580dbaf01d504f84cdfbe986fd01d8288fd42e95606c	1048672	1c343ec3f107f4de26f55b792c7b1fb275747a6f3ec94333c3cdeef534a16e0c	true	true	true	true	true
random-seed52	8388608	38391a5c33f78ebe4457751fec6c625154ccbbf525de2bc8566fec1bdb6bb00f	8391174	d4e4129eb3cbaea3876f6a3296aa5c8aac5205d6961651aae904ba563a7e0980	8389314	1a9a73dbc6a9b83004e1be8a5e561f451029820177b278807ba34aa768638c3b	true	true	true	true	true
random-seed52	8388609	b3a7ae0ad248b3f0475e1131a0f759d8ff27b6e1001aa261d95bcda0bc728c1a	8391175	3b74479ede26ddf7112008bb7d450d1a2aba436fafe6a93bd6505b5bfe4f8162	8389315	807917c0e37202709830e65f53d462eefef219abd41da0f5c714d91600294587	true	true	true	true	true
random-seed52	16777216	c022f716782fd5465607bc94c045702004f3288d25c7009e6b699bf217e07ebc	16782342	a675e98d7e6e1f9368a1710342ba5de81f7a29e9b55d70b557f35fb7a6edb796	16778622	b5700e29ead3a1b43687bb7294ea8def932b92d945f0c08f1679a2ca20ae8954	true	true	true	true	true
# concurrent	4 workers x 8 rounds text-seed52 1048576: identical bytes and exact decodes
