provider	corpus	decoded_bytes	stored_bytes	repetition	warmup	encode_ms	decode_ms	encode_mib_s	decode_mib_s	encode_heap_allocated_bytes	decode_heap_allocated_bytes	encode_heap_credit_bytes	decode_heap_credit_bytes	encode_native_credit_bytes	decode_native_credit_bytes	encode_max_checkpoint_gap_ms	decode_max_checkpoint_gap_ms	input_sha256	stored_sha256
jdk-zlib-level9-streaming	repeated-251	65536	579	0	true	0.508	0.063	123.056	995.223	140032	131704	132096	66560	524288	65536	0.352	0.047	4b640d85ab3ba30fd02c9fc9db4a8928f416322ad27022ea58a65aaee68a4df2	427a5a6167959474f64c0062d82a0f0d6617519b304fe5ad4927754c93b69670
jdk-zlib-level9-streaming	repeated-251	65536	579	1	false	0.392	0.057	159.602	1104.240	140032	131704	132096	66560	524288	65536	0.306	0.041	4b640d85ab3ba30fd02c9fc9db4a8928f416322ad27022ea58a65aaee68a4df2	427a5a6167959474f64c0062d82a0f0d6617519b304fe5ad4927754c93b69670
jdk-zlib-level9-streaming	repeated-251	65536	579	2	false	0.820	0.135	76.210	462.963	140032	131704	132096	66560	524288	65536	0.543	0.088	4b640d85ab3ba30fd02c9fc9db4a8928f416322ad27022ea58a65aaee68a4df2	427a5a6167959474f64c0062d82a0f0d6617519b304fe5ad4927754c93b69670
jdk-zlib-level9-streaming	repeated-251	65536	579	3	false	0.669	0.102	93.381	612.145	140032	131704	132096	66560	524288	65536	0.464	0.075	4b640d85ab3ba30fd02c9fc9db4a8928f416322ad27022ea58a65aaee68a4df2	427a5a6167959474f64c0062d82a0f0d6617519b304fe5ad4927754c93b69670
jdk-zlib-level9-streaming	repeated-251	65536	579	4	false	0.434	0.074	143.877	841.184	140032	131704	132096	66560	524288	65536	0.386	0.047	4b640d85ab3ba30fd02c9fc9db4a8928f416322ad27022ea58a65aaee68a4df2	427a5a6167959474f64c0062d82a0f0d6617519b304fe5ad4927754c93b69670
jdk-zlib-level9-streaming	repeated-251	65536	579	5	false	0.293	0.056	213.383	1122.083	140032	131704	132096	66560	524288	65536	0.249	0.040	4b640d85ab3ba30fd02c9fc9db4a8928f416322ad27022ea58a65aaee68a4df2	427a5a6167959474f64c0062d82a0f0d6617519b304fe5ad4927754c93b69670
jlibdeflate-level12-whole-buffer	repeated-251	65536	577	0	true	1.947	0.035	32.094	1785.714	131728	66728	131148	66114	9437184	16384	1.931	0.021	4b640d85ab3ba30fd02c9fc9db4a8928f416322ad27022ea58a65aaee68a4df2	80658d8a57384762fe286a84eb3a0680f33e903d0c60c50051ec196bc85cd7bb
jlibdeflate-level12-whole-buffer	repeated-251	65536	577	1	false	1.975	0.022	31.642	2790.179	131728	66728	131148	66114	9437184	16384	1.961	0.011	4b640d85ab3ba30fd02c9fc9db4a8928f416322ad27022ea58a65aaee68a4df2	80658d8a57384762fe286a84eb3a0680f33e903d0c60c50051ec196bc85cd7bb
jlibdeflate-level12-whole-buffer	repeated-251	65536	577	2	false	1.436	0.018	43.515	3491.620	131728	66728	131148	66114	9437184	16384	1.427	0.010	4b640d85ab3ba30fd02c9fc9db4a8928f416322ad27022ea58a65aaee68a4df2	80658d8a57384762fe286a84eb3a0680f33e903d0c60c50051ec196bc85cd7bb
jlibdeflate-level12-whole-buffer	repeated-251	65536	577	3	false	1.822	0.029	34.301	2177.700	131728	66728	131148	66114	9437184	16384	1.810	0.017	4b640d85ab3ba30fd02c9fc9db4a8928f416322ad27022ea58a65aaee68a4df2	80658d8a57384762fe286a84eb3a0680f33e903d0c60c50051ec196bc85cd7bb
jlibdeflate-level12-whole-buffer	repeated-251	65536	577	4	false	2.094	0.025	29.841	2490.040	131728	66728	131148	66114	9437184	16384	2.079	0.013	4b640d85ab3ba30fd02c9fc9db4a8928f416322ad27022ea58a65aaee68a4df2	80658d8a57384762fe286a84eb3a0680f33e903d0c60c50051ec196bc85cd7bb
jlibdeflate-level12-whole-buffer	repeated-251	65536	577	5	false	1.902	0.026	32.862	2413.127	131728	66728	131148	66114	9437184	16384	1.890	0.014	4b640d85ab3ba30fd02c9fc9db4a8928f416322ad27022ea58a65aaee68a4df2	80658d8a57384762fe286a84eb3a0680f33e903d0c60c50051ec196bc85cd7bb
jdk-zlib-level9-streaming	repeated-251	1048576	4390	0	true	4.443	0.639	225.063	1564.945	141472	132544	132096	66560	524288	65536	0.299	0.054	631b84027d6b9e52b539c4e8373622d23032dfadc64d60af87339c9037e4f769	bd4170fb8599ca85e15f2937427b5460864e3da43664240d95d57ea9d5ebe952
jdk-zlib-level9-streaming	repeated-251	1048576	4390	1	false	3.909	0.586	255.820	1705.321	141472	132544	132096	66560	524288	65536	0.326	0.045	631b84027d6b9e52b539c4e8373622d23032dfadc64d60af87339c9037e4f769	bd4170fb8599ca85e15f2937427b5460864e3da43664240d95d57ea9d5ebe952
jdk-zlib-level9-streaming	repeated-251	1048576	4390	2	false	4.269	0.632	234.258	1583.531	141472	132544	132096	66560	524288	65536	0.296	0.047	631b84027d6b9e52b539c4e8373622d23032dfadc64d60af87339c9037e4f769	bd4170fb8599ca85e15f2937427b5460864e3da43664240d95d57ea9d5ebe952
jdk-zlib-level9-streaming	repeated-251	1048576	4390	3	false	4.192	0.622	238.538	1607.200	141472	132544	132096	66560	524288	65536	0.300	0.056	631b84027d6b9e52b539c4e8373622d23032dfadc64d60af87339c9037e4f769	bd4170fb8599ca85e15f2937427b5460864e3da43664240d95d57ea9d5ebe952
jdk-zlib-level9-streaming	repeated-251	1048576	4390	4	false	4.157	0.552	240.547	1810.610	141472	132544	132096	66560	524288	65536	0.288	0.043	631b84027d6b9e52b539c4e8373622d23032dfadc64d60af87339c9037e4f769	bd4170fb8599ca85e15f2937427b5460864e3da43664240d95d57ea9d5ebe952
jdk-zlib-level9-streaming	repeated-251	1048576	4390	5	false	4.292	0.576	232.981	1735.810	141472	132544	132096	66560	524288	65536	0.315	0.045	631b84027d6b9e52b539c4e8373622d23032dfadc64d60af87339c9037e4f769	bd4170fb8599ca85e15f2937427b5460864e3da43664240d95d57ea9d5ebe952
jlibdeflate-level12-whole-buffer	repeated-251	1048576	4442	0	true	21.576	0.196	46.347	5115.090	2098784	1053632	2098208	1053019	9437184	16384	21.485	0.104	631b84027d6b9e52b539c4e8373622d23032dfadc64d60af87339c9037e4f769	4dfc7c234957c0b4892f13ce64ec1b7d31f2294554165ad10f91c6ac02500728
jlibdeflate-level12-whole-buffer	repeated-251	1048576	4442	1	false	23.333	0.118	42.858	8503.401	2098784	1053632	2098208	1053019	9437184	16384	23.241	0.060	631b84027d6b9e52b539c4e8373622d23032dfadc64d60af87339c9037e4f769	4dfc7c234957c0b4892f13ce64ec1b7d31f2294554165ad10f91c6ac02500728
jlibdeflate-level12-whole-buffer	repeated-251	1048576	4442	2	false	23.828	0.161	41.967	6203.474	2098784	1053632	2098208	1053019	9437184	16384	23.742	0.077	631b84027d6b9e52b539c4e8373622d23032dfadc64d60af87339c9037e4f769	4dfc7c234957c0b4892f13ce64ec1b7d31f2294554165ad10f91c6ac02500728
jlibdeflate-level12-whole-buffer	repeated-251	1048576	4442	3	false	21.369	0.159	46.796	6289.308	2098784	1053632	2098208	1053019	9437184	16384	21.283	0.071	631b84027d6b9e52b539c4e8373622d23032dfadc64d60af87339c9037e4f769	4dfc7c234957c0b4892f13ce64ec1b7d31f2294554165ad10f91c6ac02500728
jlibdeflate-level12-whole-buffer	repeated-251	1048576	4442	4	false	22.806	0.137	43.848	7309.942	2098784	1053632	2098208	1053019	9437184	16384	22.700	0.072	631b84027d6b9e52b539c4e8373622d23032dfadc64d60af87339c9037e4f769	4dfc7c234957c0b4892f13ce64ec1b7d31f2294554165ad10f91c6ac02500728
jlibdeflate-level12-whole-buffer	repeated-251	1048576	4442	5	false	22.727	0.119	44.001	8410.429	2098784	1053632	2098208	1053019	9437184	16384	22.643	0.066	631b84027d6b9e52b539c4e8373622d23032dfadc64d60af87339c9037e4f769	4dfc7c234957c0b4892f13ce64ec1b7d31f2294554165ad10f91c6ac02500728
jdk-zlib-level9-streaming	repeated-251	8388608	32854	0	true	37.495	4.856	213.362	1647.582	152312	138816	132096	66560	524288	65536	0.434	0.073	bdf23837181f5808331800c1ae2b4f7d7a839536b10d58491471c50dde23833a	432d5ac0fd71f93d54d7783c3ffac31d6fbcd534a81f14642b88263e82ac785c
jdk-zlib-level9-streaming	repeated-251	8388608	32854	1	false	32.687	4.222	244.748	1895.061	152312	138816	132096	66560	524288	65536	0.423	0.071	bdf23837181f5808331800c1ae2b4f7d7a839536b10d58491471c50dde23833a	432d5ac0fd71f93d54d7783c3ffac31d6fbcd534a81f14642b88263e82ac785c
jdk-zlib-level9-streaming	repeated-251	8388608	32854	2	false	31.909	4.141	250.710	1932.040	152312	138816	132096	66560	524288	65536	0.415	0.045	bdf23837181f5808331800c1ae2b4f7d7a839536b10d58491471c50dde23833a	432d5ac0fd71f93d54d7783c3ffac31d6fbcd534a81f14642b88263e82ac785c
jdk-zlib-level9-streaming	repeated-251	8388608	32854	3	false	33.011	4.556	242.344	1755.811	152312	138816	132096	66560	524288	65536	0.392	0.062	bdf23837181f5808331800c1ae2b4f7d7a839536b10d58491471c50dde23833a	432d5ac0fd71f93d54d7783c3ffac31d6fbcd534a81f14642b88263e82ac785c
jdk-zlib-level9-streaming	repeated-251	8388608	32854	4	false	35.020	4.496	228.444	1779.518	152312	138816	132096	66560	524288	65536	0.441	0.140	bdf23837181f5808331800c1ae2b4f7d7a839536b10d58491471c50dde23833a	432d5ac0fd71f93d54d7783c3ffac31d6fbcd534a81f14642b88263e82ac785c
jdk-zlib-level9-streaming	repeated-251	8388608	32854	5	false	34.179	4.837	234.063	1654.089	152312	138816	132096	66560	524288	65536	0.457	0.077	bdf23837181f5808331800c1ae2b4f7d7a839536b10d58491471c50dde23833a	432d5ac0fd71f93d54d7783c3ffac31d6fbcd534a81f14642b88263e82ac785c
jlibdeflate-level12-whole-buffer	repeated-251	8388608	33216	0	true	185.656	1.052	43.090	7608.179	16786192	8422432	16785612	8421825	9437184	16384	184.021	0.559	bdf23837181f5808331800c1ae2b4f7d7a839536b10d58491471c50dde23833a	675da3ac7fcdde1d0de00a68102891666402ac13996a394b4ba3e7b0d7622812
jlibdeflate-level12-whole-buffer	repeated-251	8388608	33216	1	false	179.306	0.979	44.616	8169.935	16786192	8422432	16785612	8421825	9437184	16384	178.755	0.556	bdf23837181f5808331800c1ae2b4f7d7a839536b10d58491471c50dde23833a	675da3ac7fcdde1d0de00a68102891666402ac13996a394b4ba3e7b0d7622812
jlibdeflate-level12-whole-buffer	repeated-251	8388608	33216	2	false	185.219	0.988	43.192	8097.166	16786192	8422432	16785612	8421825	9437184	16384	184.568	0.561	bdf23837181f5808331800c1ae2b4f7d7a839536b10d58491471c50dde23833a	675da3ac7fcdde1d0de00a68102891666402ac13996a394b4ba3e7b0d7622812
jlibdeflate-level12-whole-buffer	repeated-251	8388608	33216	3	false	165.219	1.025	48.420	7805.640	16786192	8422432	16785612	8421825	9437184	16384	164.589	0.571	bdf23837181f5808331800c1ae2b4f7d7a839536b10d58491471c50dde23833a	675da3ac7fcdde1d0de00a68102891666402ac13996a394b4ba3e7b0d7622812
jlibdeflate-level12-whole-buffer	repeated-251	8388608	33216	4	false	159.851	1.079	50.047	7412.212	16786192	8422432	16785612	8421825	9437184	16384	159.316	0.603	bdf23837181f5808331800c1ae2b4f7d7a839536b10d58491471c50dde23833a	675da3ac7fcdde1d0de00a68102891666402ac13996a394b4ba3e7b0d7622812
jlibdeflate-level12-whole-buffer	repeated-251	8388608	33216	5	false	181.807	0.823	44.003	9721.716	16786192	8422432	16785612	8421825	9437184	16384	181.267	0.413	bdf23837181f5808331800c1ae2b4f7d7a839536b10d58491471c50dde23833a	675da3ac7fcdde1d0de00a68102891666402ac13996a394b4ba3e7b0d7622812
jdk-zlib-level9-streaming	repeated-251	16777216	65392	0	true	63.366	8.775	252.503	1823.383	164776	145984	132096	66560	524288	65536	0.353	0.067	287507f403176f1f5b22b9a4d9cb49f7d7f88ac19e406b5ae87ce109564846bd	007ee841fecb15716fe9604ff5009a6a43b14e3f4a1e0725a337362737fa6394
jdk-zlib-level9-streaming	repeated-251	16777216	65392	1	false	62.979	9.012	254.051	1775.450	164776	145984	132096	66560	524288	65536	0.385	0.052	287507f403176f1f5b22b9a4d9cb49f7d7f88ac19e406b5ae87ce109564846bd	007ee841fecb15716fe9604ff5009a6a43b14e3f4a1e0725a337362737fa6394
jdk-zlib-level9-streaming	repeated-251	16777216	65392	2	false	66.728	8.766	239.780	1825.276	164776	145984	132096	66560	524288	65536	0.410	0.047	287507f403176f1f5b22b9a4d9cb49f7d7f88ac19e406b5ae87ce109564846bd	007ee841fecb15716fe9604ff5009a6a43b14e3f4a1e0725a337362737fa6394
jdk-zlib-level9-streaming	repeated-251	16777216	65392	3	false	68.514	8.724	233.530	1834.000	164776	145984	132096	66560	524288	65536	0.433	0.081	287507f403176f1f5b22b9a4d9cb49f7d7f88ac19e406b5ae87ce109564846bd	007ee841fecb15716fe9604ff5009a6a43b14e3f4a1e0725a337362737fa6394
jdk-zlib-level9-streaming	repeated-251	16777216	65392	4	false	60.470	8.675	264.596	1844.423	164776	145984	132096	66560	524288	65536	0.400	0.053	287507f403176f1f5b22b9a4d9cb49f7d7f88ac19e406b5ae87ce109564846bd	007ee841fecb15716fe9604ff5009a6a43b14e3f4a1e0725a337362737fa6394
jdk-zlib-level9-streaming	repeated-251	16777216	65392	5	false	64.174	8.506	249.324	1880.937	164776	145984	132096	66560	524288	65536	0.395	0.098	287507f403176f1f5b22b9a4d9cb49f7d7f88ac19e406b5ae87ce109564846bd	007ee841fecb15716fe9604ff5009a6a43b14e3f4a1e0725a337362737fa6394
jlibdeflate-level12-whole-buffer	repeated-251	16777216	66106	0	true	299.773	1.895	53.374	8443.717	33571800	16843936	33571218	16843323	9437184	16384	298.809	1.034	287507f403176f1f5b22b9a4d9cb49f7d7f88ac19e406b5ae87ce109564846bd	6f7f6d4004d655b82d652d3792fd8ed07e20cb215abac986c5116cb1946f704e
jlibdeflate-level12-whole-buffer	repeated-251	16777216	66106	1	false	308.877	1.647	51.801	9714.043	33571800	16843936	33571218	16843323	9437184	16384	307.806	0.872	287507f403176f1f5b22b9a4d9cb49f7d7f88ac19e406b5ae87ce109564846bd	6f7f6d4004d655b82d652d3792fd8ed07e20cb215abac986c5116cb1946f704e
jlibdeflate-level12-whole-buffer	repeated-251	16777216	66106	2	false	297.846	2.606	53.719	6139.207	33571800	16843936	33571218	16843323	9437184	16384	296.737	1.033	287507f403176f1f5b22b9a4d9cb49f7d7f88ac19e406b5ae87ce109564846bd	6f7f6d4004d655b82d652d3792fd8ed07e20cb215abac986c5116cb1946f704e
jlibdeflate-level12-whole-buffer	repeated-251	16777216	66106	3	false	300.619	1.809	53.223	8845.155	33571800	16843936	33571218	16843323	9437184	16384	299.530	0.984	287507f403176f1f5b22b9a4d9cb49f7d7f88ac19e406b5ae87ce109564846bd	6f7f6d4004d655b82d652d3792fd8ed07e20cb215abac986c5116cb1946f704e
jlibdeflate-level12-whole-buffer	repeated-251	16777216	66106	4	false	310.818	1.865	51.477	8578.628	33571800	16843936	33571218	16843323	9437184	16384	309.838	1.062	287507f403176f1f5b22b9a4d9cb49f7d7f88ac19e406b5ae87ce109564846bd	6f7f6d4004d655b82d652d3792fd8ed07e20cb215abac986c5116cb1946f704e
jlibdeflate-level12-whole-buffer	repeated-251	16777216	66106	5	false	338.779	1.686	47.228	9489.354	33571800	16843936	33571218	16843323	9437184	16384	337.615	0.894	287507f403176f1f5b22b9a4d9cb49f7d7f88ac19e406b5ae87ce109564846bd	6f7f6d4004d655b82d652d3792fd8ed07e20cb215abac986c5116cb1946f704e
jdk-zlib-level9-streaming	text-seed52	65536	12479	0	true	4.913	0.128	12.721	487.140	140032	131704	132096	66560	524288	65536	4.780	0.110	368344e299976dc9d4d5cd6940bf93fff6c9820a362ad31f8441862d090dfe1f	c23446542e1211430bb90d32d686647ce688419e2ac05442c02199a45d158789
jdk-zlib-level9-streaming	text-seed52	65536	12479	1	false	5.211	0.119	11.995	523.451	140032	131704	132096	66560	524288	65536	5.100	0.107	368344e299976dc9d4d5cd6940bf93fff6c9820a362ad31f8441862d090dfe1f	c23446542e1211430bb90d32d686647ce688419e2ac05442c02199a45d158789
jdk-zlib-level9-streaming	text-seed52	65536	12479	2	false	4.816	0.102	12.978	612.145	140032	131704	132096	66560	524288	65536	4.713	0.092	368344e299976dc9d4d5cd6940bf93fff6c9820a362ad31f8441862d090dfe1f	c23446542e1211430bb90d32d686647ce688419e2ac05442c02199a45d158789
jdk-zlib-level9-streaming	text-seed52	65536	12479	3	false	4.732	0.117	13.209	536.021	140032	131704	132096	66560	524288	65536	4.626	0.106	368344e299976dc9d4d5cd6940bf93fff6c9820a362ad31f8441862d090dfe1f	c23446542e1211430bb90d32d686647ce688419e2ac05442c02199a45d158789
jdk-zlib-level9-streaming	text-seed52	65536	12479	4	false	4.932	0.123	12.672	507.717	140032	131704	132096	66560	524288	65536	4.816	0.109	368344e299976dc9d4d5cd6940bf93fff6c9820a362ad31f8441862d090dfe1f	c23446542e1211430bb90d32d686647ce688419e2ac05442c02199a45d158789
jdk-zlib-level9-streaming	text-seed52	65536	12479	5	false	4.980	0.104	12.551	600.384	140032	131704	132096	66560	524288	65536	4.874	0.094	368344e299976dc9d4d5cd6940bf93fff6c9820a362ad31f8441862d090dfe1f	c23446542e1211430bb90d32d686647ce688419e2ac05442c02199a45d158789
jlibdeflate-level12-whole-buffer	text-seed52	65536	11554	0	true	16.033	0.056	3.898	1108.156	131728	77704	131148	77091	9437184	16384	16.016	0.037	368344e299976dc9d4d5cd6940bf93fff6c9820a362ad31f8441862d090dfe1f	c3ee09c7dd834d04c81883b5b94e3c491c2fe88f74eb7eb8578f965f6271856d
jlibdeflate-level12-whole-buffer	text-seed52	65536	11554	1	false	15.584	0.041	4.011	1520.681	131728	77704	131148	77091	9437184	16384	15.573	0.031	368344e299976dc9d4d5cd6940bf93fff6c9820a362ad31f8441862d090dfe1f	c3ee09c7dd834d04c81883b5b94e3c491c2fe88f74eb7eb8578f965f6271856d
jlibdeflate-level12-whole-buffer	text-seed52	65536	11554	2	false	15.502	0.042	4.032	1477.541	131728	77704	131148	77091	9437184	16384	15.490	0.030	368344e299976dc9d4d5cd6940bf93fff6c9820a362ad31f8441862d090dfe1f	c3ee09c7dd834d04c81883b5b94e3c491c2fe88f74eb7eb8578f965f6271856d
jlibdeflate-level12-whole-buffer	text-seed52	65536	11554	3	false	15.493	0.045	4.034	1376.652	131728	77704	131148	77091	9437184	16384	15.483	0.029	368344e299976dc9d4d5cd6940bf93fff6c9820a362ad31f8441862d090dfe1f	c3ee09c7dd834d04c81883b5b94e3c491c2fe88f74eb7eb8578f965f6271856d
jlibdeflate-level12-whole-buffer	text-seed52	65536	11554	4	false	15.456	0.040	4.044	1550.868	131728	77704	131148	77091	9437184	16384	15.446	0.029	368344e299976dc9d4d5cd6940bf93fff6c9820a362ad31f8441862d090dfe1f	c3ee09c7dd834d04c81883b5b94e3c491c2fe88f74eb7eb8578f965f6271856d
jlibdeflate-level12-whole-buffer	text-seed52	65536	11554	5	false	15.650	0.044	3.994	1410.835	131728	77704	131148	77091	9437184	16384	15.637	0.030	368344e299976dc9d4d5cd6940bf93fff6c9820a362ad31f8441862d090dfe1f	c3ee09c7dd834d04c81883b5b94e3c491c2fe88f74eb7eb8578f965f6271856d
jdk-zlib-level9-streaming	text-seed52	1048576	185377	0	true	101.197	1.456	9.882	686.625	141912	132712	132096	66560	524288	65536	6.574	0.112	94cbd3d52725c3a6e687876b0b2422c74507399e50fc0e1732206cf230b073ad	85c9831f389bded60b555f2e6d769c51baa50ee644d996fce89cad25a99365b0
jdk-zlib-level9-streaming	text-seed52	1048576	185377	1	false	100.609	1.528	9.939	654.322	141912	132712	132096	66560	524288	65536	6.819	0.121	94cbd3d52725c3a6e687876b0b2422c74507399e50fc0e1732206cf230b073ad	85c9831f389bded60b555f2e6d769c51baa50ee644d996fce89cad25a99365b0
jdk-zlib-level9-streaming	text-seed52	1048576	185377	2	false	101.747	1.527	9.828	654.793	141912	132712	132096	66560	524288	65536	6.760	0.128	94cbd3d52725c3a6e687876b0b2422c74507399e50fc0e1732206cf230b073ad	85c9831f389bded60b555f2e6d769c51baa50ee644d996fce89cad25a99365b0
jdk-zlib-level9-streaming	text-seed52	1048576	185377	3	false	100.420	1.403	9.958	713.012	141912	132712	132096	66560	524288	65536	6.608	0.096	94cbd3d52725c3a6e687876b0b2422c74507399e50fc0e1732206cf230b073ad	85c9831f389bded60b555f2e6d769c51baa50ee644d996fce89cad25a99365b0
jdk-zlib-level9-streaming	text-seed52	1048576	185377	4	false	102.685	1.539	9.739	649.857	141912	132712	132096	66560	524288	65536	6.963	0.113	94cbd3d52725c3a6e687876b0b2422c74507399e50fc0e1732206cf230b073ad	85c9831f389bded60b555f2e6d769c51baa50ee644d996fce89cad25a99365b0
jdk-zlib-level9-streaming	text-seed52	1048576	185377	5	false	100.729	1.507	9.928	663.526	141912	132712	132096	66560	524288	65536	6.647	0.114	94cbd3d52725c3a6e687876b0b2422c74507399e50fc0e1732206cf230b073ad	85c9831f389bded60b555f2e6d769c51baa50ee644d996fce89cad25a99365b0
jlibdeflate-level12-whole-buffer	text-seed52	1048576	175084	0	true	227.135	0.450	4.403	2223.705	2098784	1224272	2098208	1223661	9437184	16384	227.017	0.353	94cbd3d52725c3a6e687876b0b2422c74507399e50fc0e1732206cf230b073ad	dcb70849fe7d50ccb91fe5a066efb93b8f2cc3fa24d04afea23cbe99975fbcc9
jlibdeflate-level12-whole-buffer	text-seed52	1048576	175084	1	false	227.201	0.435	4.401	2299.908	2098784	1224272	2098208	1223661	9437184	16384	227.106	0.346	94cbd3d52725c3a6e687876b0b2422c74507399e50fc0e1732206cf230b073ad	dcb70849fe7d50ccb91fe5a066efb93b8f2cc3fa24d04afea23cbe99975fbcc9
jlibdeflate-level12-whole-buffer	text-seed52	1048576	175084	2	false	229.277	0.428	4.362	2334.812	2098784	1224272	2098208	1223661	9437184	16384	229.171	0.343	94cbd3d52725c3a6e687876b0b2422c74507399e50fc0e1732206cf230b073ad	dcb70849fe7d50ccb91fe5a066efb93b8f2cc3fa24d04afea23cbe99975fbcc9
jlibdeflate-level12-whole-buffer	text-seed52	1048576	175084	3	false	230.126	0.432	4.345	2314.815	2098784	1224272	2098208	1223661	9437184	16384	230.032	0.342	94cbd3d52725c3a6e687876b0b2422c74507399e50fc0e1732206cf230b073ad	dcb70849fe7d50ccb91fe5a066efb93b8f2cc3fa24d04afea23cbe99975fbcc9
jlibdeflate-level12-whole-buffer	text-seed52	1048576	175084	4	false	235.507	0.429	4.246	2330.459	2098784	1224272	2098208	1223661	9437184	16384	235.392	0.344	94cbd3d52725c3a6e687876b0b2422c74507399e50fc0e1732206cf230b073ad	dcb70849fe7d50ccb91fe5a066efb93b8f2cc3fa24d04afea23cbe99975fbcc9
jlibdeflate-level12-whole-buffer	text-seed52	1048576	175084	5	false	227.669	0.453	4.392	2209.456	2098784	1224272	2098208	1223661	9437184	16384	227.585	0.369	94cbd3d52725c3a6e687876b0b2422c74507399e50fc0e1732206cf230b073ad	dcb70849fe7d50ccb91fe5a066efb93b8f2cc3fa24d04afea23cbe99975fbcc9
jdk-zlib-level9-streaming	text-seed52	8388608	1476333	0	true	817.996	13.975	9.780	572.443	155656	140440	132096	66560	524288	65536	7.144	0.130	6acfbc88cb0fe010e8f9a4406993f1c25203029042eb599236a50a602719a15b	e066fe7147b0eb1479625b5f14ab3c71c8f6ea1d83a923b64d1843880d0d0731
jdk-zlib-level9-streaming	text-seed52	8388608	1476333	1	false	875.819	12.007	9.134	666.267	155656	140440	132096	66560	524288	65536	9.006	0.126	6acfbc88cb0fe010e8f9a4406993f1c25203029042eb599236a50a602719a15b	e066fe7147b0eb1479625b5f14ab3c71c8f6ea1d83a923b64d1843880d0d0731
jdk-zlib-level9-streaming	text-seed52	8388608	1476333	2	false	832.316	11.532	9.612	693.728	155656	140440	132096	66560	524288	65536	8.538	0.113	6acfbc88cb0fe010e8f9a4406993f1c25203029042eb599236a50a602719a15b	e066fe7147b0eb1479625b5f14ab3c71c8f6ea1d83a923b64d1843880d0d0731
jdk-zlib-level9-streaming	text-seed52	8388608	1476333	3	false	822.544	11.929	9.726	670.618	155656	140440	132096	66560	524288	65536	7.623	0.114	6acfbc88cb0fe010e8f9a4406993f1c25203029042eb599236a50a602719a15b	e066fe7147b0eb1479625b5f14ab3c71c8f6ea1d83a923b64d1843880d0d0731
jdk-zlib-level9-streaming	text-seed52	8388608	1476333	4	false	829.906	11.846	9.640	675.328	155656	139152	132096	66560	524288	65536	7.103	0.136	6acfbc88cb0fe010e8f9a4406993f1c25203029042eb599236a50a602719a15b	e066fe7147b0eb1479625b5f14ab3c71c8f6ea1d83a923b64d1843880d0d0731
jdk-zlib-level9-streaming	text-seed52	8388608	1476333	5	false	851.791	11.303	9.392	707.802	155656	139152	132096	66560	524288	65536	10.609	0.106	6acfbc88cb0fe010e8f9a4406993f1c25203029042eb599236a50a602719a15b	e066fe7147b0eb1479625b5f14ab3c71c8f6ea1d83a923b64d1843880d0d0731
jlibdeflate-level12-whole-buffer	text-seed52	8388608	1397007	0	true	1489.913	3.335	5.369	2398.873	16786192	9786224	16785612	9785616	9437184	16384	1489.330	2.852	6acfbc88cb0fe010e8f9a4406993f1c25203029042eb599236a50a602719a15b	fb08ffe19a3f4859158ae6e7f35c8e52a629b01d31e563f14e42e9880488da08
jlibdeflate-level12-whole-buffer	text-seed52	8388608	1397007	1	false	1452.844	3.072	5.506	2604.082	16786192	9786224	16785612	9785616	9437184	16384	1452.291	2.635	6acfbc88cb0fe010e8f9a4406993f1c25203029042eb599236a50a602719a15b	fb08ffe19a3f4859158ae6e7f35c8e52a629b01d31e563f14e42e9880488da08
jlibdeflate-level12-whole-buffer	text-seed52	8388608	1397007	2	false	1486.351	4.291	5.382	1864.280	16786192	9786224	16785612	9785616	9437184	16384	1485.800	3.816	6acfbc88cb0fe010e8f9a4406993f1c25203029042eb599236a50a602719a15b	fb08ffe19a3f4859158ae6e7f35c8e52a629b01d31e563f14e42e9880488da08
jlibdeflate-level12-whole-buffer	text-seed52	8388608	1397007	3	false	1492.926	4.256	5.359	1879.832	16786192	9786224	16785612	9785616	9437184	16384	1492.313	2.797	6acfbc88cb0fe010e8f9a4406993f1c25203029042eb599236a50a602719a15b	fb08ffe19a3f4859158ae6e7f35c8e52a629b01d31e563f14e42e9880488da08
jlibdeflate-level12-whole-buffer	text-seed52	8388608	1397007	4	false	1463.683	3.315	5.466	2413.564	16786192	9786224	16785612	9785616	9437184	16384	1463.053	2.797	6acfbc88cb0fe010e8f9a4406993f1c25203029042eb599236a50a602719a15b	fb08ffe19a3f4859158ae6e7f35c8e52a629b01d31e563f14e42e9880488da08
jlibdeflate-level12-whole-buffer	text-seed52	8388608	1397007	5	false	1468.274	3.317	5.449	2411.672	16786192	9786224	16785612	9785616	9437184	16384	1467.550	2.681	6acfbc88cb0fe010e8f9a4406993f1c25203029042eb599236a50a602719a15b	fb08ffe19a3f4859158ae6e7f35c8e52a629b01d31e563f14e42e9880488da08
jdk-zlib-level9-streaming	text-seed52	16777216	2952081	0	true	1644.739	23.610	9.728	677.685	171464	146768	132096	66560	524288	65536	8.015	0.123	7e7396629daabed256af8849294081afeb5bb0d06037036d9e5a5b285a423637	2018bf2c6047585649a2335f02f37af26fb3d849f11df2ee66478d119b5c426b
jdk-zlib-level9-streaming	text-seed52	16777216	2952081	1	false	1675.912	28.692	9.547	557.645	171464	146768	132096	66560	524288	65536	11.709	0.136	7e7396629daabed256af8849294081afeb5bb0d06037036d9e5a5b285a423637	2018bf2c6047585649a2335f02f37af26fb3d849f11df2ee66478d119b5c426b
jdk-zlib-level9-streaming	text-seed52	16777216	2952081	2	false	1664.855	23.873	9.610	670.202	171464	146768	132096	66560	524288	65536	8.858	0.124	7e7396629daabed256af8849294081afeb5bb0d06037036d9e5a5b285a423637	2018bf2c6047585649a2335f02f37af26fb3d849f11df2ee66478d119b5c426b
jdk-zlib-level9-streaming	text-seed52	16777216	2952081	3	false	1663.655	27.795	9.617	575.635	171464	146768	132096	66560	524288	65536	7.967	0.141	7e7396629daabed256af8849294081afeb5bb0d06037036d9e5a5b285a423637	2018bf2c6047585649a2335f02f37af26fb3d849f11df2ee66478d119b5c426b
jdk-zlib-level9-streaming	text-seed52	16777216	2952081	4	false	1680.642	23.196	9.520	689.786	171464	146768	132096	66560	524288	65536	8.309	0.122	7e7396629daabed256af8849294081afeb5bb0d06037036d9e5a5b285a423637	2018bf2c6047585649a2335f02f37af26fb3d849f11df2ee66478d119b5c426b
jdk-zlib-level9-streaming	text-seed52	16777216	2952081	5	false	1630.801	23.305	9.811	686.551	171464	146768	132096	66560	524288	65536	7.092	0.115	7e7396629daabed256af8849294081afeb5bb0d06037036d9e5a5b285a423637	2018bf2c6047585649a2335f02f37af26fb3d849f11df2ee66478d119b5c426b
jlibdeflate-level12-whole-buffer	text-seed52	16777216	2793528	0	true	2981.525	6.577	5.366	2432.683	33571800	19571352	33571218	19570745	9437184	16384	2979.586	5.588	7e7396629daabed256af8849294081afeb5bb0d06037036d9e5a5b285a423637	9b81f6414b84ff6a1b8ba67c55d5a3c45eb678a40dfa4355327af75eb7e7dde1
jlibdeflate-level12-whole-buffer	text-seed52	16777216	2793528	1	false	2896.030	6.651	5.525	2405.762	33571800	19571352	33571218	19570745	9437184	16384	2894.633	5.564	7e7396629daabed256af8849294081afeb5bb0d06037036d9e5a5b285a423637	9b81f6414b84ff6a1b8ba67c55d5a3c45eb678a40dfa4355327af75eb7e7dde1
jlibdeflate-level12-whole-buffer	text-seed52	16777216	2793528	2	false	2869.006	6.657	5.577	2403.377	33571800	19571352	33571218	19570745	9437184	16384	2867.940	5.586	7e7396629daabed256af8849294081afeb5bb0d06037036d9e5a5b285a423637	9b81f6414b84ff6a1b8ba67c55d5a3c45eb678a40dfa4355327af75eb7e7dde1
jlibdeflate-level12-whole-buffer	text-seed52	16777216	2793528	3	false	3038.197	6.715	5.266	2382.867	33571800	19571352	33571218	19570745	9437184	16384	3036.160	5.697	7e7396629daabed256af8849294081afeb5bb0d06037036d9e5a5b285a423637	9b81f6414b84ff6a1b8ba67c55d5a3c45eb678a40dfa4355327af75eb7e7dde1
jlibdeflate-level12-whole-buffer	text-seed52	16777216	2793528	4	false	2978.550	6.593	5.372	2426.706	33571800	19571352	33571218	19570745	9437184	16384	2977.421	5.588	7e7396629daabed256af8849294081afeb5bb0d06037036d9e5a5b285a423637	9b81f6414b84ff6a1b8ba67c55d5a3c45eb678a40dfa4355327af75eb7e7dde1
jlibdeflate-level12-whole-buffer	text-seed52	16777216	2793528	5	false	2884.143	7.427	5.548	2154.244	33571800	19571352	33571218	19570745	9437184	16384	2883.107	5.635	7e7396629daabed256af8849294081afeb5bb0d06037036d9e5a5b285a423637	9b81f6414b84ff6a1b8ba67c55d5a3c45eb678a40dfa4355327af75eb7e7dde1
jdk-zlib-level9-streaming	float-mesh-seed52	65536	58957	0	true	1.981	0.236	31.550	264.943	140032	131648	132096	66560	524288	65536	1.869	0.215	c866a00be79c97957e2c15d61ba9f332bf12bf66f8e35aa22d043ae56ef16a83	c3bbeff61d9fa3ff8486f49a55ad954bbd7589031c5417cea14f1904a0066013
jdk-zlib-level9-streaming	float-mesh-seed52	65536	58957	1	false	1.990	0.193	31.409	323.834	140032	131648	132096	66560	524288	65536	1.890	0.184	c866a00be79c97957e2c15d61ba9f332bf12bf66f8e35aa22d043ae56ef16a83	c3bbeff61d9fa3ff8486f49a55ad954bbd7589031c5417cea14f1904a0066013
jdk-zlib-level9-streaming	float-mesh-seed52	65536	58957	2	false	2.044	0.196	30.582	318.878	140032	131648	132096	66560	524288	65536	1.938	0.186	c866a00be79c97957e2c15d61ba9f332bf12bf66f8e35aa22d043ae56ef16a83	c3bbeff61d9fa3ff8486f49a55ad954bbd7589031c5417cea14f1904a0066013
jdk-zlib-level9-streaming	float-mesh-seed52	65536	58957	3	false	1.928	0.189	32.419	330.164	140032	131648	132096	66560	524288	65536	1.841	0.183	c866a00be79c97957e2c15d61ba9f332bf12bf66f8e35aa22d043ae56ef16a83	c3bbeff61d9fa3ff8486f49a55ad954bbd7589031c5417cea14f1904a0066013
jdk-zlib-level9-streaming	float-mesh-seed52	65536	58957	4	false	2.088	0.192	29.932	325.013	140032	131648	132096	66560	524288	65536	1.998	0.183	c866a00be79c97957e2c15d61ba9f332bf12bf66f8e35aa22d043ae56ef16a83	c3bbeff61d9fa3ff8486f49a55ad954bbd7589031c5417cea14f1904a0066013
jdk-zlib-level9-streaming	float-mesh-seed52	65536	58957	5	false	1.927	0.191	32.432	327.397	140032	131648	132096	66560	524288	65536	1.831	0.184	c866a00be79c97957e2c15d61ba9f332bf12bf66f8e35aa22d043ae56ef16a83	c3bbeff61d9fa3ff8486f49a55ad954bbd7589031c5417cea14f1904a0066013
jlibdeflate-level12-whole-buffer	float-mesh-seed52	65536	58056	0	true	2.293	0.164	27.262	380.865	131728	124200	131148	123593	9437184	16384	2.270	0.151	c866a00be79c97957e2c15d61ba9f332bf12bf66f8e35aa22d043ae56ef16a83	92571c0b2f58131f04ae2058060d09d6ef522d623fb5930aa07f545e08659ad8
jlibdeflate-level12-whole-buffer	float-mesh-seed52	65536	58056	1	false	2.102	0.164	29.739	381.563	131728	124200	131148	123593	9437184	16384	2.092	0.154	c866a00be79c97957e2c15d61ba9f332bf12bf66f8e35aa22d043ae56ef16a83	92571c0b2f58131f04ae2058060d09d6ef522d623fb5930aa07f545e08659ad8
jlibdeflate-level12-whole-buffer	float-mesh-seed52	65536	58056	2	false	2.235	0.153	27.967	409.836	131728	124200	131148	123593	9437184	16384	2.220	0.142	c866a00be79c97957e2c15d61ba9f332bf12bf66f8e35aa22d043ae56ef16a83	92571c0b2f58131f04ae2058060d09d6ef522d623fb5930aa07f545e08659ad8
jlibdeflate-level12-whole-buffer	float-mesh-seed52	65536	58056	3	false	2.298	0.152	27.196	410.644	131728	124200	131148	123593	9437184	16384	2.289	0.141	c866a00be79c97957e2c15d61ba9f332bf12bf66f8e35aa22d043ae56ef16a83	92571c0b2f58131f04ae2058060d09d6ef522d623fb5930aa07f545e08659ad8
jlibdeflate-level12-whole-buffer	float-mesh-seed52	65536	58056	4	false	2.126	0.153	29.397	409.031	131728	124200	131148	123593	9437184	16384	2.117	0.144	c866a00be79c97957e2c15d61ba9f332bf12bf66f8e35aa22d043ae56ef16a83	92571c0b2f58131f04ae2058060d09d6ef522d623fb5930aa07f545e08659ad8
jlibdeflate-level12-whole-buffer	float-mesh-seed52	65536	58056	5	false	2.270	0.152	27.533	410.914	131728	124200	131148	123593	9437184	16384	2.261	0.141	c866a00be79c97957e2c15d61ba9f332bf12bf66f8e35aa22d043ae56ef16a83	92571c0b2f58131f04ae2058060d09d6ef522d623fb5930aa07f545e08659ad8
jdk-zlib-level9-streaming	float-mesh-seed52	1048576	944025	0	true	36.444	2.967	27.439	337.064	142792	133216	132096	66560	524288	65536	2.427	0.202	47e605cf5418f4ee741588a70fcf214d5b97e41a1c3192a865b4d754f12e353f	76e59edb3120100481fc1fdd968a29d5cec0c67573d21149a188987c3bba5e70
jdk-zlib-level9-streaming	float-mesh-seed52	1048576	944025	1	false	36.287	2.940	27.558	340.159	142792	133216	132096	66560	524288	65536	2.455	0.195	47e605cf5418f4ee741588a70fcf214d5b97e41a1c3192a865b4d754f12e353f	76e59edb3120100481fc1fdd968a29d5cec0c67573d21149a188987c3bba5e70
jdk-zlib-level9-streaming	float-mesh-seed52	1048576	944025	2	false	36.922	3.036	27.084	329.337	142792	133216	132096	66560	524288	65536	2.571	0.242	47e605cf5418f4ee741588a70fcf214d5b97e41a1c3192a865b4d754f12e353f	76e59edb3120100481fc1fdd968a29d5cec0c67573d21149a188987c3bba5e70
jdk-zlib-level9-streaming	float-mesh-seed52	1048576	944025	3	false	36.164	3.079	27.652	324.739	142792	133216	132096	66560	524288	65536	2.360	0.235	47e605cf5418f4ee741588a70fcf214d5b97e41a1c3192a865b4d754f12e353f	76e59edb3120100481fc1fdd968a29d5cec0c67573d21149a188987c3bba5e70
jdk-zlib-level9-streaming	float-mesh-seed52	1048576	944025	4	false	36.310	2.945	27.541	339.547	142792	133216	132096	66560	524288	65536	2.421	0.195	47e605cf5418f4ee741588a70fcf214d5b97e41a1c3192a865b4d754f12e353f	76e59edb3120100481fc1fdd968a29d5cec0c67573d21149a188987c3bba5e70
jdk-zlib-level9-streaming	float-mesh-seed52	1048576	944025	5	false	36.495	3.041	27.401	328.861	142792	133216	132096	66560	524288	65536	2.387	0.234	47e605cf5418f4ee741588a70fcf214d5b97e41a1c3192a865b4d754f12e353f	76e59edb3120100481fc1fdd968a29d5cec0c67573d21149a188987c3bba5e70
jlibdeflate-level12-whole-buffer	float-mesh-seed52	1048576	925627	0	true	32.313	2.367	30.947	422.422	2098784	1974816	2098208	1974204	9437184	16384	32.210	2.272	47e605cf5418f4ee741588a70fcf214d5b97e41a1c3192a865b4d754f12e353f	a101150aacce74e633af8fb30ca263e4d253b0f86eb572c02d529b89bec1ac64
jlibdeflate-level12-whole-buffer	float-mesh-seed52	1048576	925627	1	false	31.733	2.478	31.513	403.486	2098784	1974816	2098208	1974204	9437184	16384	31.614	2.366	47e605cf5418f4ee741588a70fcf214d5b97e41a1c3192a865b4d754f12e353f	a101150aacce74e633af8fb30ca263e4d253b0f86eb572c02d529b89bec1ac64
jlibdeflate-level12-whole-buffer	float-mesh-seed52	1048576	925627	2	false	31.985	2.382	31.264	419.815	2098784	1974816	2098208	1974204	9437184	16384	31.882	2.287	47e605cf5418f4ee741588a70fcf214d5b97e41a1c3192a865b4d754f12e353f	a101150aacce74e633af8fb30ca263e4d253b0f86eb572c02d529b89bec1ac64
jlibdeflate-level12-whole-buffer	float-mesh-seed52	1048576	925627	3	false	31.979	2.482	31.271	402.933	2098784	1974816	2098208	1974204	9437184	16384	31.882	2.374	47e605cf5418f4ee741588a70fcf214d5b97e41a1c3192a865b4d754f12e353f	a101150aacce74e633af8fb30ca263e4d253b0f86eb572c02d529b89bec1ac64
jlibdeflate-level12-whole-buffer	float-mesh-seed52	1048576	925627	4	false	31.613	2.441	31.632	409.752	2098784	1974816	2098208	1974204	9437184	16384	31.512	2.343	47e605cf5418f4ee741588a70fcf214d5b97e41a1c3192a865b4d754f12e353f	a101150aacce74e633af8fb30ca263e4d253b0f86eb572c02d529b89bec1ac64
jlibdeflate-level12-whole-buffer	float-mesh-seed52	1048576	925627	5	false	31.205	2.358	32.046	424.052	2098784	1974816	2098208	1974204	9437184	16384	31.113	2.260	47e605cf5418f4ee741588a70fcf214d5b97e41a1c3192a865b4d754f12e353f	a101150aacce74e633af8fb30ca263e4d253b0f86eb572c02d529b89bec1ac64
jdk-zlib-level9-streaming	float-mesh-seed52	8388608	7550192	0	true	295.634	24.253	27.060	329.862	163400	144528	132096	66560	524288	65536	2.486	0.249	38a1f573792aeab9ba3bcb701c0c8c4cfccc72d67f8e185b0e2e14e51210beba	178db15defe8aaee4a98930f30f3cd897b9ab05889005730e2ef33e4e06ab969
jdk-zlib-level9-streaming	float-mesh-seed52	8388608	7550192	1	false	297.659	24.008	26.876	333.217	163400	144528	132096	66560	524288	65536	2.650	0.243	38a1f573792aeab9ba3bcb701c0c8c4cfccc72d67f8e185b0e2e14e51210beba	178db15defe8aaee4a98930f30f3cd897b9ab05889005730e2ef33e4e06ab969
jdk-zlib-level9-streaming	float-mesh-seed52	8388608	7550192	2	false	298.907	24.415	26.764	327.662	163400	144528	132096	66560	524288	65536	2.549	0.312	38a1f573792aeab9ba3bcb701c0c8c4cfccc72d67f8e185b0e2e14e51210beba	178db15defe8aaee4a98930f30f3cd897b9ab05889005730e2ef33e4e06ab969
jdk-zlib-level9-streaming	float-mesh-seed52	8388608	7550192	3	false	298.286	24.985	26.820	320.195	163400	144528	132096	66560	524288	65536	2.559	0.260	38a1f573792aeab9ba3bcb701c0c8c4cfccc72d67f8e185b0e2e14e51210beba	178db15defe8aaee4a98930f30f3cd897b9ab05889005730e2ef33e4e06ab969
jdk-zlib-level9-streaming	float-mesh-seed52	8388608	7550192	4	false	321.733	26.650	24.865	300.190	163400	144528	132096	66560	524288	65536	2.952	0.241	38a1f573792aeab9ba3bcb701c0c8c4cfccc72d67f8e185b0e2e14e51210beba	178db15defe8aaee4a98930f30f3cd897b9ab05889005730e2ef33e4e06ab969
jdk-zlib-level9-streaming	float-mesh-seed52	8388608	7550192	5	false	331.409	28.954	24.139	276.299	163400	144528	132096	66560	524288	65536	3.000	0.243	38a1f573792aeab9ba3bcb701c0c8c4cfccc72d67f8e185b0e2e14e51210beba	178db15defe8aaee4a98930f30f3cd897b9ab05889005730e2ef33e4e06ab969
jlibdeflate-level12-whole-buffer	float-mesh-seed52	8388608	7402063	0	true	257.481	19.059	31.070	419.754	16786192	15791280	16785612	15790672	9437184	16384	256.598	18.257	38a1f573792aeab9ba3bcb701c0c8c4cfccc72d67f8e185b0e2e14e51210beba	e4723ce8890eb4aa12c668601658ecac3e74876443ef83b4b2ce4754c2880445
jlibdeflate-level12-whole-buffer	float-mesh-seed52	8388608	7402063	1	false	259.961	19.223	30.774	416.175	16786192	15791280	16785612	15790672	9437184	16384	259.084	18.309	38a1f573792aeab9ba3bcb701c0c8c4cfccc72d67f8e185b0e2e14e51210beba	e4723ce8890eb4aa12c668601658ecac3e74876443ef83b4b2ce4754c2880445
jlibdeflate-level12-whole-buffer	float-mesh-seed52	8388608	7402063	2	false	266.303	21.251	30.041	376.451	16786192	15791280	16785612	15790672	9437184	16384	265.463	20.373	38a1f573792aeab9ba3bcb701c0c8c4cfccc72d67f8e185b0e2e14e51210beba	e4723ce8890eb4aa12c668601658ecac3e74876443ef83b4b2ce4754c2880445
jlibdeflate-level12-whole-buffer	float-mesh-seed52	8388608	7402063	3	false	262.524	19.507	30.473	410.103	16786192	15791280	16785612	15790672	9437184	16384	261.653	18.737	38a1f573792aeab9ba3bcb701c0c8c4cfccc72d67f8e185b0e2e14e51210beba	e4723ce8890eb4aa12c668601658ecac3e74876443ef83b4b2ce4754c2880445
jlibdeflate-level12-whole-buffer	float-mesh-seed52	8388608	7402063	4	false	252.074	19.461	31.737	411.076	16786192	15791280	16785612	15790672	9437184	16384	251.307	18.706	38a1f573792aeab9ba3bcb701c0c8c4cfccc72d67f8e185b0e2e14e51210beba	e4723ce8890eb4aa12c668601658ecac3e74876443ef83b4b2ce4754c2880445
jlibdeflate-level12-whole-buffer	float-mesh-seed52	8388608	7402063	5	false	260.899	22.948	30.663	348.620	16786192	15791280	16785612	15790672	9437184	16384	260.079	22.122	38a1f573792aeab9ba3bcb701c0c8c4cfccc72d67f8e185b0e2e14e51210beba	e4723ce8890eb4aa12c668601658ecac3e74876443ef83b4b2ce4754c2880445
jdk-zlib-level9-streaming	float-mesh-seed52	16777216	15100448	0	true	617.896	49.696	25.894	321.959	186952	157408	132096	66560	524288	65536	2.931	0.256	24d15ec24e179d4e658969957296bd319ae0c17804d644bab6875da4535421d9	c97c6de0e31427488ba4162e2309f0949f1f46e886998338863054754bb2acb8
jdk-zlib-level9-streaming	float-mesh-seed52	16777216	15100448	1	false	605.036	48.691	26.445	328.606	186952	157408	132096	66560	524288	65536	3.054	0.283	24d15ec24e179d4e658969957296bd319ae0c17804d644bab6875da4535421d9	c97c6de0e31427488ba4162e2309f0949f1f46e886998338863054754bb2acb8
jdk-zlib-level9-streaming	float-mesh-seed52	16777216	15100448	2	false	597.650	80.328	26.772	199.183	186952	157408	132096	66560	524288	65536	2.587	3.936	24d15ec24e179d4e658969957296bd319ae0c17804d644bab6875da4535421d9	c97c6de0e31427488ba4162e2309f0949f1f46e886998338863054754bb2acb8
jdk-zlib-level9-streaming	float-mesh-seed52	16777216	15100448	3	false	623.171	49.859	25.675	320.904	186952	157408	132096	66560	524288	65536	5.227	0.247	24d15ec24e179d4e658969957296bd319ae0c17804d644bab6875da4535421d9	c97c6de0e31427488ba4162e2309f0949f1f46e886998338863054754bb2acb8
jdk-zlib-level9-streaming	float-mesh-seed52	16777216	15100448	4	false	619.953	51.240	25.808	312.257	186952	157408	132096	66560	524288	65536	4.549	0.267	24d15ec24e179d4e658969957296bd319ae0c17804d644bab6875da4535421d9	c97c6de0e31427488ba4162e2309f0949f1f46e886998338863054754bb2acb8
jdk-zlib-level9-streaming	float-mesh-seed52	16777216	15100448	5	false	604.605	49.823	26.464	321.139	186952	157408	132096	66560	524288	65536	2.633	0.255	24d15ec24e179d4e658969957296bd319ae0c17804d644bab6875da4535421d9	c97c6de0e31427488ba4162e2309f0949f1f46e886998338863054754bb2acb8
jlibdeflate-level12-whole-buffer	float-mesh-seed52	16777216	14804641	0	true	510.244	41.303	31.358	387.379	33571800	31582472	33571218	31581858	9437184	16384	508.669	39.548	24d15ec24e179d4e658969957296bd319ae0c17804d644bab6875da4535421d9	a4b33695594610210fbba7749ecf0bc3c873e261651472af93cd38e08a2ce90b
jlibdeflate-level12-whole-buffer	float-mesh-seed52	16777216	14804641	1	false	536.585	40.164	29.818	398.367	33571800	31582472	33571218	31581858	9437184	16384	533.915	38.410	24d15ec24e179d4e658969957296bd319ae0c17804d644bab6875da4535421d9	a4b33695594610210fbba7749ecf0bc3c873e261651472af93cd38e08a2ce90b
jlibdeflate-level12-whole-buffer	float-mesh-seed52	16777216	14804641	2	false	556.405	42.082	28.756	380.207	33571800	31582472	33571218	31581858	9437184	16384	554.747	39.367	24d15ec24e179d4e658969957296bd319ae0c17804d644bab6875da4535421d9	a4b33695594610210fbba7749ecf0bc3c873e261651472af93cd38e08a2ce90b
jlibdeflate-level12-whole-buffer	float-mesh-seed52	16777216	14804641	3	false	541.868	41.368	29.527	386.774	33571800	31582472	33571218	31581858	9437184	16384	540.164	39.624	24d15ec24e179d4e658969957296bd319ae0c17804d644bab6875da4535421d9	a4b33695594610210fbba7749ecf0bc3c873e261651472af93cd38e08a2ce90b
jlibdeflate-level12-whole-buffer	float-mesh-seed52	16777216	14804641	4	false	561.455	38.792	28.497	412.459	33571800	31582472	33571218	31581858	9437184	16384	558.926	37.143	24d15ec24e179d4e658969957296bd319ae0c17804d644bab6875da4535421d9	a4b33695594610210fbba7749ecf0bc3c873e261651472af93cd38e08a2ce90b
jlibdeflate-level12-whole-buffer	float-mesh-seed52	16777216	14804641	5	false	548.669	39.639	29.161	403.648	33571800	31582472	33571218	31581858	9437184	16384	547.003	37.202	24d15ec24e179d4e658969957296bd319ae0c17804d644bab6875da4535421d9	a4b33695594610210fbba7749ecf0bc3c873e261651472af93cd38e08a2ce90b
jdk-zlib-level9-streaming	mixed-seed52	65536	41486	0	true	1.996	0.178	31.308	350.730	140032	131648	132096	66560	524288	65536	1.923	0.150	10652d6cf162fb920159e9338ae6dc36b8a0ff9f6b47686930b7c0f008502eee	ed29816d0d87f692c6b39fca14f3cc27b7c97995973873b427d923937c8a9458
jdk-zlib-level9-streaming	mixed-seed52	65536	41486	1	false	1.813	0.135	34.479	463.306	140032	131648	132096	66560	524288	65536	1.772	0.126	10652d6cf162fb920159e9338ae6dc36b8a0ff9f6b47686930b7c0f008502eee	ed29816d0d87f692c6b39fca14f3cc27b7c97995973873b427d923937c8a9458
jdk-zlib-level9-streaming	mixed-seed52	65536	41486	2	false	1.918	0.149	32.588	418.901	140032	131648	132096	66560	524288	65536	1.871	0.133	10652d6cf162fb920159e9338ae6dc36b8a0ff9f6b47686930b7c0f008502eee	ed29816d0d87f692c6b39fca14f3cc27b7c97995973873b427d923937c8a9458
jdk-zlib-level9-streaming	mixed-seed52	65536	41486	3	false	1.799	0.136	34.751	458.884	140032	131648	132096	66560	524288	65536	1.758	0.130	10652d6cf162fb920159e9338ae6dc36b8a0ff9f6b47686930b7c0f008502eee	ed29816d0d87f692c6b39fca14f3cc27b7c97995973873b427d923937c8a9458
jdk-zlib-level9-streaming	mixed-seed52	65536	41486	4	false	1.928	0.136	32.419	458.547	140032	131648	132096	66560	524288	65536	1.878	0.127	10652d6cf162fb920159e9338ae6dc36b8a0ff9f6b47686930b7c0f008502eee	ed29816d0d87f692c6b39fca14f3cc27b7c97995973873b427d923937c8a9458
jdk-zlib-level9-streaming	mixed-seed52	65536	41486	5	false	1.790	0.135	34.922	463.306	140032	131648	132096	66560	524288	65536	1.750	0.127	10652d6cf162fb920159e9338ae6dc36b8a0ff9f6b47686930b7c0f008502eee	ed29816d0d87f692c6b39fca14f3cc27b7c97995973873b427d923937c8a9458
jlibdeflate-level12-whole-buffer	mixed-seed52	65536	41251	0	true	6.228	0.105	10.036	595.806	131728	107400	131148	106788	9437184	16384	6.210	0.090	10652d6cf162fb920159e9338ae6dc36b8a0ff9f6b47686930b7c0f008502eee	5f7d92b13b33e497d9a3070c84f806f9e5e00fd7a7f24f55171d9d8d6f891929
jlibdeflate-level12-whole-buffer	mixed-seed52	65536	41251	1	false	5.967	0.097	10.475	644.330	131728	107400	131148	106788	9437184	16384	5.957	0.086	10652d6cf162fb920159e9338ae6dc36b8a0ff9f6b47686930b7c0f008502eee	5f7d92b13b33e497d9a3070c84f806f9e5e00fd7a7f24f55171d9d8d6f891929
jlibdeflate-level12-whole-buffer	mixed-seed52	65536	41251	2	false	6.308	0.111	9.908	562.556	131728	107400	131148	106788	9437184	16384	6.297	0.098	10652d6cf162fb920159e9338ae6dc36b8a0ff9f6b47686930b7c0f008502eee	5f7d92b13b33e497d9a3070c84f806f9e5e00fd7a7f24f55171d9d8d6f891929
jlibdeflate-level12-whole-buffer	mixed-seed52	65536	41251	3	false	5.948	0.096	10.507	648.340	131728	107400	131148	106788	9437184	16384	5.935	0.086	10652d6cf162fb920159e9338ae6dc36b8a0ff9f6b47686930b7c0f008502eee	5f7d92b13b33e497d9a3070c84f806f9e5e00fd7a7f24f55171d9d8d6f891929
jlibdeflate-level12-whole-buffer	mixed-seed52	65536	41251	4	false	6.118	0.106	10.215	591.856	131728	107400	131148	106788	9437184	16384	6.109	0.095	10652d6cf162fb920159e9338ae6dc36b8a0ff9f6b47686930b7c0f008502eee	5f7d92b13b33e497d9a3070c84f806f9e5e00fd7a7f24f55171d9d8d6f891929
jlibdeflate-level12-whole-buffer	mixed-seed52	65536	41251	5	false	6.131	0.098	10.194	639.713	131728	107400	131148	106788	9437184	16384	6.120	0.087	10652d6cf162fb920159e9338ae6dc36b8a0ff9f6b47686930b7c0f008502eee	5f7d92b13b33e497d9a3070c84f806f9e5e00fd7a7f24f55171d9d8d6f891929
jdk-zlib-level9-streaming	mixed-seed52	1048576	654884	0	true	36.078	2.143	27.717	466.723	142792	132712	132096	66560	524288	65536	2.340	0.143	da27a1e6732cce64cd7ac958db4f4e90139260b8051cb1a61fb77ab19f27c8ac	1e964c95da2f8e234ff94abbe17e240e0d11e12b20f3b96f67c2a5d7323f42af
jdk-zlib-level9-streaming	mixed-seed52	1048576	654884	1	false	35.986	2.251	27.788	444.168	142792	132712	132096	66560	524288	65536	2.438	0.172	da27a1e6732cce64cd7ac958db4f4e90139260b8051cb1a61fb77ab19f27c8ac	1e964c95da2f8e234ff94abbe17e240e0d11e12b20f3b96f67c2a5d7323f42af
jdk-zlib-level9-streaming	mixed-seed52	1048576	654884	2	false	36.328	2.307	27.527	433.557	142792	132712	132096	66560	524288	65536	2.514	0.189	da27a1e6732cce64cd7ac958db4f4e90139260b8051cb1a61fb77ab19f27c8ac	1e964c95da2f8e234ff94abbe17e240e0d11e12b20f3b96f67c2a5d7323f42af
jdk-zlib-level9-streaming	mixed-seed52	1048576	654884	3	false	36.230	2.127	27.602	470.079	142792	132712	132096	66560	524288	65536	2.418	0.142	da27a1e6732cce64cd7ac958db4f4e90139260b8051cb1a61fb77ab19f27c8ac	1e964c95da2f8e234ff94abbe17e240e0d11e12b20f3b96f67c2a5d7323f42af
jdk-zlib-level9-streaming	mixed-seed52	1048576	654884	4	false	35.625	2.379	28.070	420.415	142792	132712	132096	66560	524288	65536	2.381	0.157	da27a1e6732cce64cd7ac958db4f4e90139260b8051cb1a61fb77ab19f27c8ac	1e964c95da2f8e234ff94abbe17e240e0d11e12b20f3b96f67c2a5d7323f42af
jdk-zlib-level9-streaming	mixed-seed52	1048576	654884	5	false	36.957	2.130	27.058	469.439	142792	132712	132096	66560	524288	65536	2.568	0.141	da27a1e6732cce64cd7ac958db4f4e90139260b8051cb1a61fb77ab19f27c8ac	1e964c95da2f8e234ff94abbe17e240e0d11e12b20f3b96f67c2a5d7323f42af
jlibdeflate-level12-whole-buffer	mixed-seed52	1048576	653574	0	true	100.042	1.459	9.996	685.589	2098784	1702760	2098208	1702151	9437184	16384	99.916	1.354	da27a1e6732cce64cd7ac958db4f4e90139260b8051cb1a61fb77ab19f27c8ac	2b0ca55c4261e07ed9f9922990b2ab5b5b767da55e5489b8984902156e34398f
jlibdeflate-level12-whole-buffer	mixed-seed52	1048576	653574	1	false	97.364	1.457	10.271	686.295	2098784	1702760	2098208	1702151	9437184	16384	97.259	1.358	da27a1e6732cce64cd7ac958db4f4e90139260b8051cb1a61fb77ab19f27c8ac	2b0ca55c4261e07ed9f9922990b2ab5b5b767da55e5489b8984902156e34398f
jlibdeflate-level12-whole-buffer	mixed-seed52	1048576	653574	2	false	96.181	1.443	10.397	693.097	2098784	1702760	2098208	1702151	9437184	16384	96.054	1.332	da27a1e6732cce64cd7ac958db4f4e90139260b8051cb1a61fb77ab19f27c8ac	2b0ca55c4261e07ed9f9922990b2ab5b5b767da55e5489b8984902156e34398f
jlibdeflate-level12-whole-buffer	mixed-seed52	1048576	653574	3	false	95.078	1.437	10.518	696.088	2098784	1702760	2098208	1702151	9437184	16384	94.954	1.306	da27a1e6732cce64cd7ac958db4f4e90139260b8051cb1a61fb77ab19f27c8ac	2b0ca55c4261e07ed9f9922990b2ab5b5b767da55e5489b8984902156e34398f
jlibdeflate-level12-whole-buffer	mixed-seed52	1048576	653574	4	false	105.876	1.408	9.445	710.429	2098784	1702760	2098208	1702151	9437184	16384	105.753	1.319	da27a1e6732cce64cd7ac958db4f4e90139260b8051cb1a61fb77ab19f27c8ac	2b0ca55c4261e07ed9f9922990b2ab5b5b767da55e5489b8984902156e34398f
jlibdeflate-level12-whole-buffer	mixed-seed52	1048576	653574	5	false	95.777	1.415	10.441	706.664	2098784	1702760	2098208	1702151	9437184	16384	95.647	1.317	da27a1e6732cce64cd7ac958db4f4e90139260b8051cb1a61fb77ab19f27c8ac	2b0ca55c4261e07ed9f9922990b2ab5b5b767da55e5489b8984902156e34398f
jdk-zlib-level9-streaming	mixed-seed52	8388608	5234526	0	true	286.910	17.522	27.883	456.582	163400	140552	132096	66560	524288	65536	2.416	0.173	e93de7b311a5284c58f37b0046b19f5281b0dc6327735bd4c11e1514bc5af025	f77f50fdb5f81e8705889adc6a010a1e72782d72dfe9477faecfd132929a1a64
jdk-zlib-level9-streaming	mixed-seed52	8388608	5234526	1	false	287.297	17.274	27.846	463.137	163400	140552	132096	66560	524288	65536	2.652	0.177	e93de7b311a5284c58f37b0046b19f5281b0dc6327735bd4c11e1514bc5af025	f77f50fdb5f81e8705889adc6a010a1e72782d72dfe9477faecfd132929a1a64
jdk-zlib-level9-streaming	mixed-seed52	8388608	5234526	2	false	292.320	17.195	27.367	465.246	163400	140552	132096	66560	524288	65536	2.709	0.169	e93de7b311a5284c58f37b0046b19f5281b0dc6327735bd4c11e1514bc5af025	f77f50fdb5f81e8705889adc6a010a1e72782d72dfe9477faecfd132929a1a64
jdk-zlib-level9-streaming	mixed-seed52	8388608	5234526	3	false	300.408	18.171	26.630	440.252	163400	140552	132096	66560	524288	65536	3.937	0.176	e93de7b311a5284c58f37b0046b19f5281b0dc6327735bd4c11e1514bc5af025	f77f50fdb5f81e8705889adc6a010a1e72782d72dfe9477faecfd132929a1a64
jdk-zlib-level9-streaming	mixed-seed52	8388608	5234526	4	false	296.087	18.287	27.019	437.472	163400	140552	132096	66560	524288	65536	2.718	0.174	e93de7b311a5284c58f37b0046b19f5281b0dc6327735bd4c11e1514bc5af025	f77f50fdb5f81e8705889adc6a010a1e72782d72dfe9477faecfd132929a1a64
jdk-zlib-level9-streaming	mixed-seed52	8388608	5234526	5	false	302.076	17.916	26.483	446.541	163400	140552	132096	66560	524288	65536	3.644	0.177	e93de7b311a5284c58f37b0046b19f5281b0dc6327735bd4c11e1514bc5af025	f77f50fdb5f81e8705889adc6a010a1e72782d72dfe9477faecfd132929a1a64
jlibdeflate-level12-whole-buffer	mixed-seed52	8388608	5224787	0	true	797.502	11.272	10.031	709.755	16786192	13614008	16785612	13613396	9437184	16384	796.729	10.573	e93de7b311a5284c58f37b0046b19f5281b0dc6327735bd4c11e1514bc5af025	3893941ed1c4cc8a4e7a83f3dfdf1db51dfdaa4c4e2a23b76941f87b07630bff
jlibdeflate-level12-whole-buffer	mixed-seed52	8388608	5224787	1	false	770.668	11.396	10.381	701.976	16786192	13614008	16785612	13613396	9437184	16384	769.899	10.727	e93de7b311a5284c58f37b0046b19f5281b0dc6327735bd4c11e1514bc5af025	3893941ed1c4cc8a4e7a83f3dfdf1db51dfdaa4c4e2a23b76941f87b07630bff
jlibdeflate-level12-whole-buffer	mixed-seed52	8388608	5224787	2	false	779.470	11.775	10.263	679.434	16786192	13614008	16785612	13613396	9437184	16384	778.733	10.868	e93de7b311a5284c58f37b0046b19f5281b0dc6327735bd4c11e1514bc5af025	3893941ed1c4cc8a4e7a83f3dfdf1db51dfdaa4c4e2a23b76941f87b07630bff
jlibdeflate-level12-whole-buffer	mixed-seed52	8388608	5224787	3	false	787.198	11.957	10.163	669.081	16786192	13614008	16785612	13613396	9437184	16384	786.377	11.110	e93de7b311a5284c58f37b0046b19f5281b0dc6327735bd4c11e1514bc5af025	3893941ed1c4cc8a4e7a83f3dfdf1db51dfdaa4c4e2a23b76941f87b07630bff
jlibdeflate-level12-whole-buffer	mixed-seed52	8388608	5224787	4	false	769.631	11.442	10.395	699.160	16786192	13614008	16785612	13613396	9437184	16384	768.192	10.776	e93de7b311a5284c58f37b0046b19f5281b0dc6327735bd4c11e1514bc5af025	3893941ed1c4cc8a4e7a83f3dfdf1db51dfdaa4c4e2a23b76941f87b07630bff
jlibdeflate-level12-whole-buffer	mixed-seed52	8388608	5224787	5	false	838.065	12.978	9.546	616.447	16786192	13614008	16785612	13613396	9437184	16384	837.334	12.300	e93de7b311a5284c58f37b0046b19f5281b0dc6327735bd4c11e1514bc5af025	3893941ed1c4cc8a4e7a83f3dfdf1db51dfdaa4c4e2a23b76941f87b07630bff
jdk-zlib-level9-streaming	mixed-seed52	16777216	10469076	0	true	606.664	41.586	26.374	384.744	186952	149512	132096	66560	524288	65536	3.058	0.254	c7f1e5e3a1cc0947efc29773ef95aac2126653dae63df6feb6380bdc92d96c84	93f0a91fea8ad1cc38606410df29214273d9ecd6008256d194040191eab5ecb9
jdk-zlib-level9-streaming	mixed-seed52	16777216	10469076	1	false	592.221	35.379	27.017	452.247	186952	149512	132096	66560	524288	65536	3.056	0.181	c7f1e5e3a1cc0947efc29773ef95aac2126653dae63df6feb6380bdc92d96c84	93f0a91fea8ad1cc38606410df29214273d9ecd6008256d194040191eab5ecb9
jdk-zlib-level9-streaming	mixed-seed52	16777216	10469076	2	false	604.515	36.619	26.468	436.929	186952	149512	132096	66560	524288	65536	3.071	0.245	c7f1e5e3a1cc0947efc29773ef95aac2126653dae63df6feb6380bdc92d96c84	93f0a91fea8ad1cc38606410df29214273d9ecd6008256d194040191eab5ecb9
jdk-zlib-level9-streaming	mixed-seed52	16777216	10469076	3	false	584.125	35.649	27.391	448.819	186952	149512	132096	66560	524288	65536	2.571	0.209	c7f1e5e3a1cc0947efc29773ef95aac2126653dae63df6feb6380bdc92d96c84	93f0a91fea8ad1cc38606410df29214273d9ecd6008256d194040191eab5ecb9
jdk-zlib-level9-streaming	mixed-seed52	16777216	10469076	4	false	594.655	34.400	26.906	465.119	186952	149512	132096	66560	524288	65536	3.903	0.196	c7f1e5e3a1cc0947efc29773ef95aac2126653dae63df6feb6380bdc92d96c84	93f0a91fea8ad1cc38606410df29214273d9ecd6008256d194040191eab5ecb9
jdk-zlib-level9-streaming	mixed-seed52	16777216	10469076	5	false	605.164	36.813	26.439	434.633	186952	149512	132096	66560	524288	65536	5.375	0.191	c7f1e5e3a1cc0947efc29773ef95aac2126653dae63df6feb6380bdc92d96c84	93f0a91fea8ad1cc38606410df29214273d9ecd6008256d194040191eab5ecb9
jlibdeflate-level12-whole-buffer	mixed-seed52	16777216	10449391	0	true	1565.980	25.846	10.217	619.061	33571800	27227216	33571218	27226608	9437184	16384	1564.455	24.340	c7f1e5e3a1cc0947efc29773ef95aac2126653dae63df6feb6380bdc92d96c84	419e8ea98064b26644c3d3813562be0d26b9b613d9eb92160e935bf2320e1b77
jlibdeflate-level12-whole-buffer	mixed-seed52	16777216	10449391	1	false	1623.728	24.017	9.854	666.186	33571800	27227216	33571218	27226608	9437184	16384	1621.769	22.485	c7f1e5e3a1cc0947efc29773ef95aac2126653dae63df6feb6380bdc92d96c84	419e8ea98064b26644c3d3813562be0d26b9b613d9eb92160e935bf2320e1b77
jlibdeflate-level12-whole-buffer	mixed-seed52	16777216	10449391	2	false	1586.957	22.910	10.082	698.373	33571800	27227216	33571218	27226608	9437184	16384	1584.627	21.526	c7f1e5e3a1cc0947efc29773ef95aac2126653dae63df6feb6380bdc92d96c84	419e8ea98064b26644c3d3813562be0d26b9b613d9eb92160e935bf2320e1b77
jlibdeflate-level12-whole-buffer	mixed-seed52	16777216	10449391	3	false	1589.855	25.547	10.064	626.299	33571800	27227216	33571218	27226608	9437184	16384	1588.337	24.201	c7f1e5e3a1cc0947efc29773ef95aac2126653dae63df6feb6380bdc92d96c84	419e8ea98064b26644c3d3813562be0d26b9b613d9eb92160e935bf2320e1b77
jlibdeflate-level12-whole-buffer	mixed-seed52	16777216	10449391	4	false	1621.245	22.675	9.869	705.614	33571800	27227216	33571218	27226608	9437184	16384	1618.856	21.345	c7f1e5e3a1cc0947efc29773ef95aac2126653dae63df6feb6380bdc92d96c84	419e8ea98064b26644c3d3813562be0d26b9b613d9eb92160e935bf2320e1b77
jlibdeflate-level12-whole-buffer	mixed-seed52	16777216	10449391	5	false	1546.015	22.636	10.349	706.832	33571800	27227216	33571218	27226608	9437184	16384	1544.623	21.313	c7f1e5e3a1cc0947efc29773ef95aac2126653dae63df6feb6380bdc92d96c84	419e8ea98064b26644c3d3813562be0d26b9b613d9eb92160e935bf2320e1b77
jdk-zlib-level9-streaming	random-seed52	65536	65562	0	true	1.036	0.047	60.340	1335.470	140032	131704	132096	66560	524288	65536	0.960	0.026	8062091fba85e461a46777b8078a1cf0e6fc9277942aed4a888ceb017850a654	bfdfa2afe870b7cb87e0e43f7acc66b871a4ba01eb2191c7caff171666635ec4
jdk-zlib-level9-streaming	random-seed52	65536	65562	1	false	0.986	0.037	63.394	1693.767	140032	131704	132096	66560	524288	65536	0.951	0.027	8062091fba85e461a46777b8078a1cf0e6fc9277942aed4a888ceb017850a654	bfdfa2afe870b7cb87e0e43f7acc66b871a4ba01eb2191c7caff171666635ec4
jdk-zlib-level9-streaming	random-seed52	65536	65562	2	false	1.133	0.035	55.144	1790.831	140032	131704	132096	66560	524288	65536	1.080	0.026	8062091fba85e461a46777b8078a1cf0e6fc9277942aed4a888ceb017850a654	bfdfa2afe870b7cb87e0e43f7acc66b871a4ba01eb2191c7caff171666635ec4
jdk-zlib-level9-streaming	random-seed52	65536	65562	3	false	1.050	0.036	59.507	1755.618	140032	131704	132096	66560	524288	65536	1.011	0.026	8062091fba85e461a46777b8078a1cf0e6fc9277942aed4a888ceb017850a654	bfdfa2afe870b7cb87e0e43f7acc66b871a4ba01eb2191c7caff171666635ec4
jdk-zlib-level9-streaming	random-seed52	65536	65562	4	false	1.003	0.037	62.344	1712.329	140032	131704	132096	66560	524288	65536	0.968	0.030	8062091fba85e461a46777b8078a1cf0e6fc9277942aed4a888ceb017850a654	bfdfa2afe870b7cb87e0e43f7acc66b871a4ba01eb2191c7caff171666635ec4
jdk-zlib-level9-streaming	random-seed52	65536	65562	5	false	0.993	0.037	62.915	1712.329	140032	131704	132096	66560	524288	65536	0.950	0.030	8062091fba85e461a46777b8078a1cf0e6fc9277942aed4a888ceb017850a654	bfdfa2afe870b7cb87e0e43f7acc66b871a4ba01eb2191c7caff171666635ec4
jlibdeflate-level12-whole-buffer	random-seed52	65536	65552	0	true	1.828	0.038	34.190	1662.234	131728	131696	131148	131089	9437184	16384	1.815	0.016	8062091fba85e461a46777b8078a1cf0e6fc9277942aed4a888ceb017850a654	5198f3a70e822c6d615656a91cb155d64304769d83ca1ec252a1471d9cf262ad
jlibdeflate-level12-whole-buffer	random-seed52	65536	65552	1	false	1.489	0.016	41.969	4006.410	131728	131696	131148	131089	9437184	16384	1.480	0.007	8062091fba85e461a46777b8078a1cf0e6fc9277942aed4a888ceb017850a654	5198f3a70e822c6d615656a91cb155d64304769d83ca1ec252a1471d9cf262ad
jlibdeflate-level12-whole-buffer	random-seed52	65536	65552	2	false	1.767	0.019	35.371	3342.246	131728	131696	131148	131089	9437184	16384	1.751	0.008	8062091fba85e461a46777b8078a1cf0e6fc9277942aed4a888ceb017850a654	5198f3a70e822c6d615656a91cb155d64304769d83ca1ec252a1471d9cf262ad
jlibdeflate-level12-whole-buffer	random-seed52	65536	65552	3	false	1.496	0.019	41.772	3360.215	131728	131696	131148	131089	9437184	16384	1.488	0.010	8062091fba85e461a46777b8078a1cf0e6fc9277942aed4a888ceb017850a654	5198f3a70e822c6d615656a91cb155d64304769d83ca1ec252a1471d9cf262ad
jlibdeflate-level12-whole-buffer	random-seed52	65536	65552	4	false	1.836	0.020	34.040	3125.000	131728	131696	131148	131089	9437184	16384	1.812	0.008	8062091fba85e461a46777b8078a1cf0e6fc9277942aed4a888ceb017850a654	5198f3a70e822c6d615656a91cb155d64304769d83ca1ec252a1471d9cf262ad
jlibdeflate-level12-whole-buffer	random-seed52	65536	65552	5	false	1.530	0.016	40.863	3955.696	131728	131696	131148	131089	9437184	16384	1.494	0.006	8062091fba85e461a46777b8078a1cf0e6fc9277942aed4a888ceb017850a654	5198f3a70e822c6d615656a91cb155d64304769d83ca1ec252a1471d9cf262ad
jdk-zlib-level9-streaming	random-seed52	1048576	1048902	0	true	19.176	0.460	52.148	2174.386	142792	132544	132096	66560	524288	65536	1.373	0.031	3ab328f21562154176e4793021e9846037ca9ab8195d54a0a1f935973aeff18c	e46888a6e78cfe04038d580dbaf01d504f84cdfbe986fd01d8288fd42e95606c
jdk-zlib-level9-streaming	random-seed52	1048576	1048902	1	false	19.508	0.543	51.260	1841.621	142792	132544	132096	66560	524288	65536	1.327	0.036	3ab328f21562154176e4793021e9846037ca9ab8195d54a0a1f935973aeff18c	e46888a6e78cfe04038d580dbaf01d504f84cdfbe986fd01d8288fd42e95606c
jdk-zlib-level9-streaming	random-seed52	1048576	1048902	2	false	19.118	0.362	52.307	2762.431	142792	132544	132096	66560	524288	65536	1.347	0.026	3ab328f21562154176e4793021e9846037ca9ab8195d54a0a1f935973aeff18c	e46888a6e78cfe04038d580dbaf01d504f84cdfbe986fd01d8288fd42e95606c
jdk-zlib-level9-streaming	random-seed52	1048576	1048902	3	false	19.099	0.327	52.358	3060.912	142792	132544	132096	66560	524288	65536	1.318	0.024	3ab328f21562154176e4793021e9846037ca9ab8195d54a0a1f935973aeff18c	e46888a6e78cfe04038d580dbaf01d504f84cdfbe986fd01d8288fd42e95606c
jdk-zlib-level9-streaming	random-seed52	1048576	1048902	4	false	19.523	0.640	51.221	1562.500	142792	132544	132096	66560	524288	65536	1.507	0.048	3ab328f21562154176e4793021e9846037ca9ab8195d54a0a1f935973aeff18c	e46888a6e78cfe04038d580dbaf01d504f84cdfbe986fd01d8288fd42e95606c
jdk-zlib-level9-streaming	random-seed52	1048576	1048902	5	false	19.168	0.485	52.169	2063.558	142792	132544	132096	66560	524288	65536	1.341	0.038	3ab328f21562154176e4793021e9846037ca9ab8195d54a0a1f935973aeff18c	e46888a6e78cfe04038d580dbaf01d504f84cdfbe986fd01d8288fd42e95606c
jlibdeflate-level12-whole-buffer	random-seed52	1048576	1048672	0	true	22.210	0.167	45.025	6002.401	2098784	2097856	2098208	2097249	9437184	16384	22.060	0.084	3ab328f21562154176e4793021e9846037ca9ab8195d54a0a1f935973aeff18c	1c343ec3f107f4de26f55b792c7b1fb275747a6f3ec94333c3cdeef534a16e0c
jlibdeflate-level12-whole-buffer	random-seed52	1048576	1048672	1	false	22.266	0.142	44.912	7067.138	2098784	2097856	2098208	2097249	9437184	16384	22.154	0.069	3ab328f21562154176e4793021e9846037ca9ab8195d54a0a1f935973aeff18c	1c343ec3f107f4de26f55b792c7b1fb275747a6f3ec94333c3cdeef534a16e0c
jlibdeflate-level12-whole-buffer	random-seed52	1048576	1048672	2	false	21.657	0.130	46.176	7716.049	2098784	2097856	2098208	2097249	9437184	16384	21.557	0.070	3ab328f21562154176e4793021e9846037ca9ab8195d54a0a1f935973aeff18c	1c343ec3f107f4de26f55b792c7b1fb275747a6f3ec94333c3cdeef534a16e0c
jlibdeflate-level12-whole-buffer	random-seed52	1048576	1048672	3	false	21.553	0.127	46.398	7849.294	2098784	2097856	2098208	2097249	9437184	16384	21.464	0.069	3ab328f21562154176e4793021e9846037ca9ab8195d54a0a1f935973aeff18c	1c343ec3f107f4de26f55b792c7b1fb275747a6f3ec94333c3cdeef534a16e0c
jlibdeflate-level12-whole-buffer	random-seed52	1048576	1048672	4	false	21.345	0.128	46.849	7843.137	2098784	2097856	2098208	2097249	9437184	16384	21.254	0.070	3ab328f21562154176e4793021e9846037ca9ab8195d54a0a1f935973aeff18c	1c343ec3f107f4de26f55b792c7b1fb275747a6f3ec94333c3cdeef534a16e0c
jlibdeflate-level12-whole-buffer	random-seed52	1048576	1048672	5	false	21.353	0.171	46.832	5847.953	2098784	2097856	2098208	2097249	9437184	16384	21.244	0.086	3ab328f21562154176e4793021e9846037ca9ab8195d54a0a1f935973aeff18c	1c343ec3f107f4de26f55b792c7b1fb275747a6f3ec94333c3cdeef534a16e0c
jdk-zlib-level9-streaming	random-seed52	8388608	8391174	0	true	158.027	3.182	50.624	2514.379	163400	138816	132096	66560	524288	65536	1.455	0.097	38391a5c33f78ebe4457751fec6c625154ccbbf525de2bc8566fec1bdb6bb00f	d4e4129eb3cbaea3876f6a3296aa5c8aac5205d6961651aae904ba563a7e0980
jdk-zlib-level9-streaming	random-seed52	8388608	8391174	1	false	164.020	2.910	48.775	2748.763	163400	138816	132096	66560	524288	65536	2.085	0.041	38391a5c33f78ebe4457751fec6c625154ccbbf525de2bc8566fec1bdb6bb00f	d4e4129eb3cbaea3876f6a3296aa5c8aac5205d6961651aae904ba563a7e0980
jdk-zlib-level9-streaming	random-seed52	8388608	8391174	2	false	158.183	3.059	50.574	2615.661	163400	138816	132096	66560	524288	65536	1.549	0.032	38391a5c33f78ebe4457751fec6c625154ccbbf525de2bc8566fec1bdb6bb00f	d4e4129eb3cbaea3876f6a3296aa5c8aac5205d6961651aae904ba563a7e0980
jdk-zlib-level9-streaming	random-seed52	8388608	8391174	3	false	159.341	3.882	50.207	2060.634	163400	138816	132096	66560	524288	65536	1.571	0.045	38391a5c33f78ebe4457751fec6c625154ccbbf525de2bc8566fec1bdb6bb00f	d4e4129eb3cbaea3876f6a3296aa5c8aac5205d6961651aae904ba563a7e0980
jdk-zlib-level9-streaming	random-seed52	8388608	8391174	4	false	157.640	2.538	50.748	3151.716	163400	138816	132096	66560	524288	65536	1.497	0.040	38391a5c33f78ebe4457751fec6c625154ccbbf525de2bc8566fec1bdb6bb00f	d4e4129eb3cbaea3876f6a3296aa5c8aac5205d6961651aae904ba563a7e0980
jdk-zlib-level9-streaming	random-seed52	8388608	8391174	5	false	156.242	4.315	51.202	1854.084	163400	138816	132096	66560	524288	65536	1.461	0.050	38391a5c33f78ebe4457751fec6c625154ccbbf525de2bc8566fec1bdb6bb00f	d4e4129eb3cbaea3876f6a3296aa5c8aac5205d6961651aae904ba563a7e0980
jlibdeflate-level12-whole-buffer	random-seed52	8388608	8389314	0	true	159.509	1.377	50.154	5810.153	16786192	16778536	16785612	16777923	9437184	16384	158.651	0.565	38391a5c33f78ebe4457751fec6c625154ccbbf525de2bc8566fec1bdb6bb00f	1a9a73dbc6a9b83004e1be8a5e561f451029820177b278807ba34aa768638c3b
jlibdeflate-level12-whole-buffer	random-seed52	8388608	8389314	1	false	184.888	1.448	43.270	5524.099	16786192	16778536	16785612	16777923	9437184	16384	183.287	0.564	38391a5c33f78ebe4457751fec6c625154ccbbf525de2bc8566fec1bdb6bb00f	1a9a73dbc6a9b83004e1be8a5e561f451029820177b278807ba34aa768638c3b
jlibdeflate-level12-whole-buffer	random-seed52	8388608	8389314	2	false	160.956	1.355	49.703	5903.623	16786192	16778536	16785612	16777923	9437184	16384	160.102	0.523	38391a5c33f78ebe4457751fec6c625154ccbbf525de2bc8566fec1bdb6bb00f	1a9a73dbc6a9b83004e1be8a5e561f451029820177b278807ba34aa768638c3b
jlibdeflate-level12-whole-buffer	random-seed52	8388608	8389314	3	false	157.427	1.445	50.817	5536.332	16786192	16778536	16785612	16777923	9437184	16384	156.600	0.605	38391a5c33f78ebe4457751fec6c625154ccbbf525de2bc8566fec1bdb6bb00f	1a9a73dbc6a9b83004e1be8a5e561f451029820177b278807ba34aa768638c3b
jlibdeflate-level12-whole-buffer	random-seed52	8388608	8389314	4	false	171.702	1.289	46.592	6204.917	16786192	16778536	16785612	16777923	9437184	16384	170.768	0.508	38391a5c33f78ebe4457751fec6c625154ccbbf525de2bc8566fec1bdb6bb00f	1a9a73dbc6a9b83004e1be8a5e561f451029820177b278807ba34aa768638c3b
jlibdeflate-level12-whole-buffer	random-seed52	8388608	8389314	5	false	160.808	1.296	49.749	6174.745	16786192	16778536	16785612	16777923	9437184	16384	159.182	0.512	38391a5c33f78ebe4457751fec6c625154ccbbf525de2bc8566fec1bdb6bb00f	1a9a73dbc6a9b83004e1be8a5e561f451029820177b278807ba34aa768638c3b
jdk-zlib-level9-streaming	random-seed52	16777216	16782342	0	true	314.699	6.229	50.842	2568.796	186952	145984	132096	66560	524288	65536	1.567	0.053	c022f716782fd5465607bc94c045702004f3288d25c7009e6b699bf217e07ebc	a675e98d7e6e1f9368a1710342ba5de81f7a29e9b55d70b557f35fb7a6edb796
jdk-zlib-level9-streaming	random-seed52	16777216	16782342	1	false	330.971	5.676	48.343	2818.837	186952	145984	132096	66560	524288	65536	1.510	0.047	c022f716782fd5465607bc94c045702004f3288d25c7009e6b699bf217e07ebc	a675e98d7e6e1f9368a1710342ba5de81f7a29e9b55d70b557f35fb7a6edb796
jdk-zlib-level9-streaming	random-seed52	16777216	16782342	2	false	356.564	6.427	44.873	2489.575	186952	145984	132096	66560	524288	65536	1.675	0.038	c022f716782fd5465607bc94c045702004f3288d25c7009e6b699bf217e07ebc	a675e98d7e6e1f9368a1710342ba5de81f7a29e9b55d70b557f35fb7a6edb796
jdk-zlib-level9-streaming	random-seed52	16777216	16782342	3	false	370.127	6.032	43.228	2652.388	186952	145984	132096	66560	524288	65536	1.745	0.033	c022f716782fd5465607bc94c045702004f3288d25c7009e6b699bf217e07ebc	a675e98d7e6e1f9368a1710342ba5de81f7a29e9b55d70b557f35fb7a6edb796
jdk-zlib-level9-streaming	random-seed52	16777216	16782342	4	false	325.714	5.958	49.123	2685.465	186952	145984	132096	66560	524288	65536	1.608	0.048	c022f716782fd5465607bc94c045702004f3288d25c7009e6b699bf217e07ebc	a675e98d7e6e1f9368a1710342ba5de81f7a29e9b55d70b557f35fb7a6edb796
jdk-zlib-level9-streaming	random-seed52	16777216	16782342	5	false	317.708	5.542	50.361	2886.940	186952	145984	132096	66560	524288	65536	1.596	0.034	c022f716782fd5465607bc94c045702004f3288d25c7009e6b699bf217e07ebc	a675e98d7e6e1f9368a1710342ba5de81f7a29e9b55d70b557f35fb7a6edb796
jlibdeflate-level12-whole-buffer	random-seed52	16777216	16778622	0	true	315.972	2.957	50.637	5410.889	33571800	33556448	33571218	33555839	9437184	16384	314.237	1.217	c022f716782fd5465607bc94c045702004f3288d25c7009e6b699bf217e07ebc	b5700e29ead3a1b43687bb7294ea8def932b92d945f0c08f1679a2ca20ae8954
jlibdeflate-level12-whole-buffer	random-seed52	16777216	16778622	1	false	319.592	2.894	50.064	5527.916	33571800	33556448	33571218	33555839	9437184	16384	316.749	1.223	c022f716782fd5465607bc94c045702004f3288d25c7009e6b699bf217e07ebc	b5700e29ead3a1b43687bb7294ea8def932b92d945f0c08f1679a2ca20ae8954
jlibdeflate-level12-whole-buffer	random-seed52	16777216	16778622	2	false	351.448	3.853	45.526	4152.501	33571800	33556448	33571218	33555839	9437184	16384	349.638	2.014	c022f716782fd5465607bc94c045702004f3288d25c7009e6b699bf217e07ebc	b5700e29ead3a1b43687bb7294ea8def932b92d945f0c08f1679a2ca20ae8954
jlibdeflate-level12-whole-buffer	random-seed52	16777216	16778622	3	false	333.214	2.954	48.017	5416.201	33571800	33556448	33571218	33555839	9437184	16384	331.288	1.210	c022f716782fd5465607bc94c045702004f3288d25c7009e6b699bf217e07ebc	b5700e29ead3a1b43687bb7294ea8def932b92d945f0c08f1679a2ca20ae8954
jlibdeflate-level12-whole-buffer	random-seed52	16777216	16778622	4	false	318.222	2.659	50.279	6017.752	33571800	33556448	33571218	33555839	9437184	16384	315.528	1.091	c022f716782fd5465607bc94c045702004f3288d25c7009e6b699bf217e07ebc	b5700e29ead3a1b43687bb7294ea8def932b92d945f0c08f1679a2ca20ae8954
jlibdeflate-level12-whole-buffer	random-seed52	16777216	16778622	5	false	313.212	3.742	51.084	4276.360	33571800	33556448	33571218	33555839	9437184	16384	311.366	2.041	c022f716782fd5465607bc94c045702004f3288d25c7009e6b699bf217e07ebc	b5700e29ead3a1b43687bb7294ea8def932b92d945f0c08f1679a2ca20ae8954
