corpus	decoded_bytes	jdk_stored_bytes	candidate_stored_bytes	candidate_size_ratio	jdk_encode_mib_s	candidate_encode_mib_s	encode_speedup	jdk_decode_mib_s	candidate_decode_mib_s	decode_speedup	candidate_encode_max_checkpoint_gap_ms
repeated-251	65536	579	577	0.9965	143.877	32.862	0.228	841.184	2490.040	2.960	2.079
repeated-251	1048576	4390	4442	1.0118	238.538	43.848	0.184	1705.321	7309.942	4.287	23.742
repeated-251	8388608	32854	33216	1.0110	242.344	44.616	0.184	1779.518	8097.166	4.550	184.568
repeated-251	16777216	65392	66106	1.0109	249.324	51.801	0.208	1834.000	8845.155	4.823	337.615
text-seed52	65536	12479	11554	0.9259	12.672	4.032	0.318	536.021	1477.541	2.757	15.637
text-seed52	1048576	185377	175084	0.9445	9.928	4.362	0.439	654.793	2314.815	3.535	235.392
text-seed52	8388608	1476333	1397007	0.9463	9.612	5.449	0.567	675.328	2411.672	3.571	1492.313
text-seed52	16777216	2952081	2793528	0.9463	9.610	5.525	0.575	670.202	2403.377	3.586	3036.160
float-mesh-seed52	65536	58957	58056	0.9847	31.409	27.967	0.890	325.013	409.836	1.261	2.289
float-mesh-seed52	1048576	944025	925627	0.9805	27.541	31.513	1.144	329.337	409.752	1.244	31.882
float-mesh-seed52	8388608	7550192	7402063	0.9804	26.764	30.663	1.146	320.195	410.103	1.281	265.463
float-mesh-seed52	16777216	15100448	14804641	0.9804	26.445	29.161	1.103	320.904	398.367	1.241	558.926
mixed-seed52	65536	41486	41251	0.9943	34.479	10.215	0.296	458.884	639.713	1.394	6.297
mixed-seed52	1048576	654884	653574	0.9980	27.602	10.397	0.377	444.168	696.088	1.567	105.753
mixed-seed52	8388608	5234526	5224787	0.9981	27.019	10.263	0.380	446.541	679.434	1.522	837.334
mixed-seed52	16777216	10469076	10449391	0.9981	26.906	10.064	0.374	448.819	698.373	1.556	1621.769
random-seed52	65536	65562	65552	0.9998	62.344	40.863	0.655	1712.329	3360.215	1.962	1.812
random-seed52	1048576	1048902	1048672	0.9998	52.169	46.398	0.889	2063.558	7716.049	3.739	22.154
random-seed52	8388608	8391174	8389314	0.9998	50.574	49.703	0.983	2615.661	5903.623	2.257	183.287
random-seed52	16777216	16782342	16778622	0.9998	48.343	50.064	1.036	2685.465	5416.201	2.017	349.638
